{
    "target": "cobblemon:floatzel",
    "abilities": [
        "swiftswim",
        "waterveil",
        "h:technician"
    ],
    "baseStats": {
        "hp": 85,
        "attack": 85,
        "defence": 55,
        "special_attack": 90,
        "special_defence": 50,
        "speed": 115
    },
    "moves": [
        "1:icefang",
        "1:sonicboom",
        "1:growl",
        "1:watersport",
        "1:quickattack",
        "1:pursuit",
        "1:crunch",
        "1:razorwind",
        "1:tackle",
        "1:soak",
        "1:fakeout",
        "1:bite",
        "1:icywind",
        "15:watergun",
        "18:bite",
        "21:swift",
        "24:aquajet",
        "29:doublehit",
        "35:whirlpool",
        "41:liquidation",
        "46:aquatail",
        "51:agility",
        "57:hydropump",
        "62:wavecrash",
        "80:surgingstrikes",
        "egg:aquaring",
        "egg:batonpass",
        "egg:bite",
        "egg:doubleslap",
        "egg:furycutter",
        "egg:furyswipes",
        "egg:headbutt",
        "egg:helpinghand",
        "egg:mefirst",
        "egg:mudslap",
        "egg:odorsleuth",
        "egg:slash",
        "egg:switcheroo",
        "tm:agility",
        "tm:aquatail",
        "tm:batonpass",
        "tm:blizzard",
        "tm:bodyslam",
        "tm:brickbreak",
        "tm:brine",
        "tm:bulkup",
        "tm:chillingwater",
        "tm:crunch",
        "tm:dig",
        "tm:dive",
        "tm:doubleedge",
        "tm:echoedvoice",
        "tm:endure",
        "tm:facade",
        "tm:fling",
        "tm:flipturn",
        "tm:focusblast",
        "tm:focuspunch",
        "tm:furycutter",
        "tm:gigaimpact",
        "tm:hail",
        "tm:headbutt",
        "tm:helpinghand",
        "tm:hydropump",
        "tm:hyperbeam",
        "tm:icebeam",
        "tm:icefang",
        "tm:icepunch",
        "tm:icespinner",
        "tm:icywind",
        "tm:irontail",
        "tm:liquidation",
        "tm:lowkick",
        "tm:lowsweep",
        "tm:metronome",
        "tm:muddywater",
        "tm:mudslap",
        "tm:payback",
        "tm:poweruppunch",
        "tm:protect",
        "tm:raindance",
        "tm:rest",
        "tm:roar",
        "tm:rocksmash",
        "tm:rocktomb",
        "tm:scaryface",
        "tm:sleeptalk",
        "tm:snarl",
        "tm:strength",
        "tm:substitute",
        "tm:surf",
        "tm:swift",
        "tm:tailslap",
        "tm:tailwhip",
        "tm:takedown",
        "tm:taunt",
        "tm:terablast",
        "tm:thief",
        "tm:torment",
        "tm:waterfall",
        "tm:waterpulse",
        "tm:whirlpool",
        "tutor:aquatail",
        "tutor:bulkup",
        "tutor:dive",
        "tutor:flipturn",
        "tutor:focuspunch",
        "tutor:furycutter",
        "tutor:gigaimpact",
        "tutor:helpinghand",
        "tutor:hyperbeam",
        "tutor:icebeam",
        "tutor:icefang",
        "tutor:icepunch",
        "tutor:icywind",
        "tutor:irontail",
        "tutor:liquidation",
        "tutor:lowkick",
        "tutor:mudslap",
        "tutor:rest",
        "tutor:rocksmash",
        "tutor:sleeptalk",
        "tutor:snarl",
        "tutor:swift",
        "tutor:waterpulse"
    ]
}