{
 "target": "cobblemon:staraptor",
 "baseStats": {
    "attack": 110,
    "defence": 75,
	"special_defence": 65
  },
 "abilities": [
    "intimidate",
    "reckless",
    "h:galewings"
  ],
 "moves": [
    "1:closecombat",
    "1:growl",
    "1:quickattack",
    "1:tackle",
    "1:wingattack",
    "13:doubleteam",
    "18:endeavor",
    "23:whirlwind",
    "28:aerialace",
    "33:takedown",
    "34:closecombat",
    "41:agility",
    "49:bravebird",
    "57:finalgambit",
	"65:doubleedge",
    "tm:acrobatics",
    "tm:aerialace",
    "tm:agility",
    "tm:aircutter",
    "tm:airslash",
    "tm:attract",
    "tm:bravebird",
    "tm:captivate",
    "tm:closecombat",
    "tm:confide",
    "tm:defog",
    "tm:doubleedge",
    "tm:doubleteam",
    "tm:dualwingbeat",
    "tm:echoedvoice",
    "tm:endeavor",
    "tm:endure",
    "tm:facade",
    "tm:featherdance",
    "tm:fly",
    "tm:frustration",
    "tm:gigaimpact",
    "tm:heatwave",
    "tm:helpinghand",
    "tm:hiddenpower",
    "tm:hurricane",
    "tm:hyperbeam",
    "tm:naturalgift",
    "tm:pluck",
    "tm:protect",
    "tm:raindance",
    "tm:rest",
    "tm:retaliate",
    "tm:return",
    "tm:roost",
    "tm:round",
    "tm:secretpower",
    "tm:sleeptalk",
    "tm:steelwing",
    "tm:strugglebug",
    "tm:substitute",
    "tm:sunnyday",
    "tm:swagger",
    "tm:swift",
    "tm:tailwind",
    "tm:takedown",
    "tm:terablast",
    "tm:thief",
    "tm:toxic",
    "tm:uproar",
    "tm:uturn",
    "tm:workup",
    "tutor:aircutter",
    "tutor:defog",
    "tutor:endeavor",
    "tutor:heatwave",
    "tutor:laserfocus",
    "tutor:mudslap",
    "tutor:ominouswind",
    "tutor:roost",
    "tutor:skyattack",
    "tutor:sleeptalk",
    "tutor:snore",
    "tutor:swift",
    "tutor:tailwind",
    "tutor:twister",
    "tutor:uproar"
  ]
}