{
    "target": "cobblemon:yanmega",
    "primaryType": "bug",
    "secondaryType": "dragon",
    "baseStats": {
        "hp": 86,
        "attack": 76,
        "defence": 86,
        "special_attack": 116,
        "special_defence": 56,
        "speed": 95
    },
    "moves": [
        "1:nightslash",
        "1:tackle",
        "1:foresight",
        "1:doubleteam",
        "1:sonicboom",
        "1:pursuit",
        "1:airslash",
        "1:bugbuzz",
        "1:silverwind",
        "1:gust",
        "1:hypnosis",
        "1:wingattack",
        "14:quickattack",
        "17:detect",
        "22:supersonic",
        "25:dragondance",
        "27:uproar",
        "30:bugbite",
        "33:ancientpower",
        "35:dragonbreath",
        "38:feint",
        "43:slash",
        "46:screech",
        "49:uturn",
        "50:dragonpulse",
        "egg:twister",
        "egg:doubleedge",
        "egg:feint",
        "egg:feintattack",
        "egg:pursuit",
        "egg:secretpower",
        "egg:whirlwind",
        "tm:aerialace",
        "tm:aircutter",
        "tm:airslash",
        "tm:ancientpower",
        "tm:bugbite",
        "tm:bugbuzz",
        "tm:crunch",
        "tm:defog",
        "tm:doubleedge",
        "tm:doubleteam",
        "tm:dreameater",
        "tm:dualwingbeat",
        "tm:endure",
        "tm:facade",
        "tm:flash",
        "tm:gigadrain",
        "tm:gigaimpact",
        "tm:headbutt",
        "tm:hyperbeam",
        "tm:laserfocus",
        "tm:leechlife",
        "tm:lunge",
        "tm:ominouswind",
        "tm:pounce",
        "tm:protect",
        "tm:psychic",
        "tm:psychicnoise",
        "tm:psychup",
        "tm:rest",
        "tm:reversal",
        "tm:roost",
        "tm:scaryface",
        "tm:screech",
        "tm:secretpower",
        "tm:shadowball",
        "tm:signalbeam",
        "tm:silverwind",
        "tm:skittersmack",
        "tm:sleeptalk",
        "tm:solarbeam",
        "tm:steelwing",
        "tm:stringshot",
        "tm:strugglebug",
        "tm:substitute",
        "tm:sunnyday",
        "tm:swift",
        "tm:swordsdance",
        "tm:tailwind",
        "tm:takedown",
        "tm:terablast",
        "tm:thief",
        "tm:uproar",
        "tm:uturn",
        "tutor:aerialace",
        "tutor:aircutter",
        "tutor:ancientpower",
        "tutor:bugbite",
        "tutor:defog",
        "tutor:dualwingbeat",
        "tutor:gigadrain",
        "tutor:gigaimpact",
        "tutor:hyperbeam",
        "tutor:laserfocus",
        "tutor:leechlife",
        "tutor:ominouswind",
        "tutor:psychic",
        "tutor:rest",
        "tutor:roost",
        "tutor:shadowball",
        "tutor:signalbeam",
        "tutor:skittersmack",
        "tutor:sleeptalk",
        "tutor:stringshot",
        "tutor:swift",
        "tutor:tailwind",
        "tutor:uproar"
    ]
}