{
    "implemented": true,
    "nationalPokedexNumber": 122,
    "name": "Mr. Mime",
    "primaryType": "psychic",
    "secondaryType": "fairy",
    "maleRatio": 0.5,
    "height": 13,
    "weight": 545,
    "pokedex": [
      "cobblemon.species.mrmime.desc"
    ],
    "labels": [
      "gen1",
      "kantonian_form"
    ],
    "aspects": [],
    "abilities": [
      "soundproof",
      "filter",
      "h:technician"
    ],
    "eggGroups": [
      "human_like"
    ],
    "baseStats": {
      "hp": 65,
      "attack": 45,
      "defence": 65,
      "special_attack": 100,
      "special_defence": 120,
      "speed": 90
    },
    "evYield": {
      "hp": 0,
      "attack": 0,
      "defence": 0,
      "special_attack": 0,
      "special_defence": 2,
      "speed": 0
    },
    "baseExperienceYield": 161,
    "experienceGroup": "medium_fast",
    "catchRate": 45,
    "eggCycles": 25,
    "baseFriendship": 50,
    "features": [
      "galarian"
    ],
    "baseScale": 0.7,
    "hitbox": {
      "width": 0.8,
      "height": 1.8,
      "fixed": false
    },
    "drops": {
      "amount": 2,
      "entries": [
        {
          "item": "cobblemon:light_clay",
          "percentage": 5.0
        },
        {
          "item": "cobblemon:babiri_berry",
          "percentage": 5.0
        }
      ]
    },
    "moves": [
      "1:powerswap",
      "1:guardswap",
      "1:barrier",
      "1:copycat",
      "1:meditate",
      "1:encore",
      "1:doubleslap",
      "1:batonpass",
      "1:quickguard",
      "1:wideguard",
      "1:psywave",
      "1:pound",
      "1:tickle",
      "12:confusion",
      "16:roleplay",
      "20:protect",
      "24:recycle",
      "28:psybeam",
      "30:recover",
      "32:mimic",
      "36:lightscreen",
      "36:reflect",
      "36:safeguard",
      "40:suckerpunch",
      "44:dazzlinggleam",
      "48:psychic",
      "52:teeterdance",
      "egg:confuseray",
      "egg:fakeout",
      "egg:healingwish",
      "egg:wish",
      "egg:hypnosis",
      "egg:mimic",
      "egg:powersplit",
      "egg:teeterdance",
      "egg:tickle",
      "egg:wakeupslap",
      "tm:aerialace",
      "tm:allyswitch",
      "tm:batonpass",
      "tm:bodyslam",
      "tm:brickbreak",
      "tm:calmmind",
      "tm:chargebeam",
      "tm:charm",
      "tm:confuseray",
      "tm:covet",
      "tm:dazzlinggleam",
      "tm:drainpunch",
      "tm:dreameater",
      "tm:encore",
      "tm:endure",
      "tm:energyball",
      "tm:expandingforce",
      "tm:facade",
      "tm:firepunch",
      "tm:flash",
      "tm:fling",
      "tm:focusblast",
      "tm:focuspunch",
      "tm:foulplay",
      "tm:futuresight",
      "tm:gigaimpact",
      "tm:grassknot",
      "tm:guardswap",
      "tm:headbutt",
      "tm:helpinghand",
      "tm:hyperbeam",
      "tm:icepunch",
      "tm:icywind",
      "tm:infestation",
      "tm:irondefense",
      "tm:lightscreen",
      "tm:magicalleaf",
      "tm:magiccoat",
      "tm:magicroom",
      "tm:megakick",
      "tm:megapunch",
      "tm:metronome",
      "tm:mistyterrain",
      "tm:mudslap",
      "tm:mysticalfire",
      "tm:nastyplot",
      "tm:payback",
      "tm:powershift",
      "tm:powerswap",
      "tm:poweruppunch",
      "tm:protect",
      "tm:psybeam",
      "tm:psychic",
      "tm:psychicterrain",
      "tm:psychup",
      "tm:psyshock",
      "tm:raindance",
      "tm:recycle",
      "tm:reflect",
      "tm:rest",
      "tm:roleplay",
      "tm:safeguard",
      "tm:shadowball",
      "tm:shockwave",
      "tm:signalbeam",
      "tm:skillswap",
      "tm:sleeptalk",
      "tm:snatch",
      "tm:solarbeam",
      "tm:storedpower",
      "tm:substitute",
      "tm:suckerpunch",
      "tm:sunnyday",
      "tm:taunt",
      "tm:telekinesis",
      "tm:terablast",
      "tm:thief",
      "tm:thunder",
      "tm:thunderbolt",
      "tm:thunderpunch",
      "tm:thunderwave",
      "tm:torment",
      "tm:trick",
      "tm:trickroom",
      "tm:uproar",
      "tm:wonderroom",
      "tm:zenheadbutt",
      "tutor:aerialace",
      "tutor:allyswitch",
      "tutor:calmmind",
      "tutor:chargebeam",
      "tutor:covet",
      "tutor:dazzlinggleam",
      "tutor:drainpunch",
      "tutor:energyball",
      "tutor:expandingforce",
      "tutor:firepunch",
      "tutor:focuspunch",
      "tutor:foulplay",
      "tutor:gigaimpact",
      "tutor:helpinghand",
      "tutor:hyperbeam",
      "tutor:icepunch",
      "tutor:icywind",
      "tutor:irondefense",
      "tutor:magicalleaf",
      "tutor:magiccoat",
      "tutor:magicroom",
      "tutor:mudslap",
      "tutor:mysticalfire",
      "tutor:powershift",
      "tutor:psychic",
      "tutor:recycle",
      "tutor:rest",
      "tutor:roleplay",
      "tutor:shadowball",
      "tutor:shockwave",
      "tutor:signalbeam",
      "tutor:skillswap",
      "tutor:sleeptalk",
      "tutor:snatch",
      "tutor:suckerpunch",
      "tutor:telekinesis",
      "tutor:thunderbolt",
      "tutor:thunderpunch",
      "tutor:trick",
      "tutor:uproar",
      "tutor:wonderroom",
      "tutor:zenheadbutt"
    ],
    "preEvolution": "mimejr",
    "evolutions": [],
    "forms": [
      {
        "name": "Galar",
        "primaryType": "ice",
        "secondaryType": "psychic",
        "maleRatio": 0.5,
        "height": 14,
        "weight": 568,
        "pokedex": [
          "cobblemon.species.mrmime-galar.desc"
        ],
        "labels": [
          "gen8",
          "galarian_form"
        ],
        "aspects": [
          "galarian"
        ],
        "abilities": [
          "vitalspirit",
          "screencleaner",
          "h:icebody"
        ],
        "baseStats": {
          "hp": 50,
          "attack": 65,
          "defence": 65,
          "special_attack": 90,
          "special_defence": 90,
          "speed": 100
        },
        "evYield": {
          "hp": 0,
          "attack": 0,
          "defence": 0,
          "special_attack": 0,
          "special_defence": 0,
          "speed": 2
        },
        "drops": {
          "amount": 1,
          "entries": [
            {
              "item": "cobblemon:aspear_berry",
              "percentage": 5.0
            }
          ]
        },
        "moves": [
          "1:copycat",
          "1:encore",
          "1:roleplay",
          "1:protect",
          "1:recycle",
          "1:mimic",
          "1:lightscreen",
          "1:reflect",
          "1:safeguard",
          "1:dazzlinggleam",
          "1:mistyterrain",
          "1:pound",
          "1:rapidspin",
          "1:batonpass",
          "1:iceshard",
          "1:tickle",
          "1:barrier",
          "1:meditate",
          "1:doubleslap",
          "12:confusion",
          "16:allyswitch",
          "20:icywind",
          "24:doublekick",
          "28:psybeam",
          "32:hypnosis",
          "36:mirrorcoat",
          "40:suckerpunch",
          "44:freezedry",
          "48:psychic",
          "52:teeterdance",
          "egg:confuseray",
          "egg:fakeout",
          "egg:healingwish",
          "egg:hypnosis",
          "egg:powersplit",
          "egg:tickle",
          "egg:wakeupslap",
          "tm:allyswitch",
          "tm:avalanche",
          "tm:batonpass",
          "tm:blizzard",
          "tm:bodyslam",
          "tm:brickbreak",
          "tm:calmmind",
          "tm:charm",
          "tm:confuseray",
          "tm:dazzlinggleam",
          "tm:drainpunch",
          "tm:encore",
          "tm:endure",
          "tm:energyball",
          "tm:expandingforce",
          "tm:facade",
          "tm:fling",
          "tm:focusblast",
          "tm:foulplay",
          "tm:futuresight",
          "tm:gigaimpact",
          "tm:grassknot",
          "tm:guardswap",
          "tm:hail",
          "tm:helpinghand",
          "tm:hyperbeam",
          "tm:icebeam",
          "tm:icepunch",
          "tm:iciclespear",
          "tm:icywind",
          "tm:irondefense",
          "tm:lightscreen",
          "tm:magicroom",
          "tm:megakick",
          "tm:megapunch",
          "tm:metronome",
          "tm:mistyterrain",
          "tm:nastyplot",
          "tm:payback",
          "tm:powerswap",
          "tm:protect",
          "tm:psybeam",
          "tm:psychic",
          "tm:psychicterrain",
          "tm:psyshock",
          "tm:raindance",
          "tm:recycle",
          "tm:reflect",
          "tm:rest",
          "tm:roleplay",
          "tm:safeguard",
          "tm:screech",
          "tm:shadowball",
          "tm:skillswap",
          "tm:sleeptalk",
          "tm:solarbeam",
          "tm:stompingtantrum",
          "tm:storedpower",
          "tm:substitute",
          "tm:suckerpunch",
          "tm:sunnyday",
          "tm:taunt",
          "tm:terablast",
          "tm:thief",
          "tm:thunder",
          "tm:thunderbolt",
          "tm:thunderwave",
          "tm:trick",
          "tm:trickroom",
          "tm:tripleaxel",
          "tm:uproar",
          "tm:wonderroom",
          "tm:zenheadbutt",
          "tutor:allyswitch",
          "tutor:calmmind",
          "tutor:dazzlinggleam",
          "tutor:drainpunch",
          "tutor:energyball",
          "tutor:expandingforce",
          "tutor:foulplay",
          "tutor:gigaimpact",
          "tutor:helpinghand",
          "tutor:hyperbeam",
          "tutor:icebeam",
          "tutor:icepunch",
          "tutor:icywind",
          "tutor:irondefense",
          "tutor:magicroom",
          "tutor:psychic",
          "tutor:recycle",
          "tutor:rest",
          "tutor:roleplay",
          "tutor:shadowball",
          "tutor:skillswap",
          "tutor:sleeptalk",
          "tutor:stompingtantrum",
          "tutor:suckerpunch",
          "tutor:thunderbolt",
          "tutor:trick",
          "tutor:tripleaxel",
          "tutor:uproar",
          "tutor:wonderroom",
          "tutor:zenheadbutt"
        ],
        "preEvolution": "mimejr",
        "evolutions": [
          {
            "id": "mrmime_mrrime",
            "variant": "level_up",
            "result": "mrrime",
            "consumeHeldItem": false,
            "learnableMoves": [],
            "requirements": [
              {
                "variant": "level",
                "minLevel": 42
              }
            ]
          }
        ],
        "battleOnly": false
      }
    ]
}  