{
    "implemented": true,
    "nationalPokedexNumber": 38,
    "name": "Ninetales",
    "primaryType": "fire",
    "maleRatio": 0.25,
    "height": 11,
    "weight": 199,
    "pokedex": [
      "cobblemon.species.ninetales.desc"
    ],
    "labels": [
      "gen1",
      "kantonian_form"
    ],
    "aspects": [],
    "abilities": [
      "flashfire",
      "drought",
      "h:cursedbody"
    ],
    "eggGroups": [
      "field"
    ],
    "baseStats": {
      "hp": 73,
      "attack": 76,
      "defence": 75,
      "special_attack": 81,
      "special_defence": 100,
      "speed": 100
    },
    "evYield": {
      "hp": 0,
      "attack": 0,
      "defence": 0,
      "special_attack": 0,
      "special_defence": 1,
      "speed": 1
    },
    "baseExperienceYield": 177,
    "experienceGroup": "medium_fast",
    "catchRate": 75,
    "eggCycles": 20,
    "baseFriendship": 50,
    "features": [
      "alolan"
    ],
    "baseScale": 0.8,
    "hitbox": {
      "width": 1.1,
      "height": 1.5,
      "fixed": false
    },
    "behaviour": {
      "resting": {
        "canSleep": true,
        "light": "0-4"
      }
    },
    "drops": {
      "amount": 6,
      "entries": [
        {
          "item": "minecraft:sweet_berries",
          "quantityRange": "2-4"
        },
        {
          "item": "minecraft:charcoal",
          "percentage": 5.0
        },
        {
          "item": "cobblemon:rawst_berry",
          "percentage": 5.0
        }
      ]
    },
    "moves": [
      "1:nastyplot",
      "1:ember",
      "1:quickattack",
      "1:confuseray",
      "1:safeguard",
      "1:flamethrower",
      "1:fireblast",
      "1:spite",
      "1:willowisp",
      "1:incinerate",
      "1:imprison",
      "1:extrasensory",
      "1:firespin",
      "1:inferno",
      "1:grudge",
      "1:tailwhip",
      "1:disable",
      "1:flameburst",
      "1:freezedry",
      "60:moonblast",
      "egg:babydolleyes",
      "egg:captivate",
      "egg:disable",
      "egg:extrasensory",
      "egg:feintattack",
      "egg:flail",
      "egg:flamecharge",
      "egg:healingwish",
      "egg:howl",
      "egg:hypnosis",
      "egg:memento",
      "egg:roar",
      "egg:secretpower",
      "tm:agility",
      "tm:babydolleyes",
      "tm:batonpass",
      "tm:bodyslam",
      "tm:burningjealousy",
      "tm:calmmind",
      "tm:captivate",
      "tm:charm",
      "tm:confuseray",
      "tm:covet",
      "tm:darkpulse",
      "tm:dig",
      "tm:doubleedge",
      "tm:dreameater",
      "tm:encore",
      "tm:endure",
      "tm:energyball",
      "tm:facade",
      "tm:faketears",
      "tm:fireblast",
      "tm:firespin",
      "tm:flamecharge",
      "tm:flamethrower",
      "tm:flareblitz",
      "tm:foulplay",
      "tm:gigaimpact",
      "tm:headbutt",
      "tm:heatwave",
      "tm:helpinghand",
      "tm:hex",
      "tm:hyperbeam",
      "tm:imprison",
      "tm:incinerate",
      "tm:irontail",
      "tm:laserfocus",
      "tm:mysticalfire",
      "tm:nastyplot",
      "tm:nightshade",
      "tm:ominouswind",
      "tm:overheat",
      "tm:painsplit",
      "tm:payback",
      "tm:powerswap",
      "tm:protect",
      "tm:psychup",
      "tm:psyshock",
      "tm:rest",
      "tm:roar",
      "tm:roleplay",
      "tm:safeguard",
      "tm:scorchingsands",
      "tm:secretpower",
      "tm:shadowball",
      "tm:sleeptalk",
      "tm:snarl",
      "tm:solarbeam",
      "tm:spite",
      "tm:storedpower",
      "tm:substitute",
      "tm:sunnyday",
      "tm:swift",
      "tm:tailslap",
      "tm:takedown",
      "tm:terablast",
      "tm:weatherball",
      "tm:willowisp",
      "tm:zenheadbutt",
      "tutor:babydolleyes",
      "tutor:burningjealousy",
      "tutor:calmmind",
      "tutor:covet",
      "tutor:darkpulse",
      "tutor:energyball",
      "tutor:flamethrower",
      "tutor:foulplay",
      "tutor:gigaimpact",
      "tutor:heatwave",
      "tutor:helpinghand",
      "tutor:hyperbeam",
      "tutor:irontail",
      "tutor:laserfocus",
      "tutor:mysticalfire",
      "tutor:ominouswind",
      "tutor:painsplit",
      "tutor:rest",
      "tutor:roleplay",
      "tutor:scorchingsands",
      "tutor:shadowball",
      "tutor:sleeptalk",
      "tutor:snarl",
      "tutor:spite",
      "tutor:swift",
      "tutor:zenheadbutt"
    ],
    "preEvolution": "vulpix",
    "evolutions": [],
    "forms": [
      {
        "name": "Alola",
        "primaryType": "ice",
        "secondaryType": "fairy",
        "maleRatio": 0.25,
        "height": 11,
        "weight": 199,
        "pokedex": [
          "cobblemon.species.ninetales-alola.desc"
        ],
        "labels": [
          "gen7",
          "alolan_form"
        ],
        "aspects": [
          "alolan"
        ],
        "abilities": [
          "snowcloak",
          "h:snowwarning"
        ],
        "baseStats": {
          "hp": 73,
          "attack": 67,
          "defence": 75,
          "special_attack": 81,
          "special_defence": 100,
          "speed": 109
        },
        "evYield": {
          "hp": 0,
          "attack": 0,
          "defence": 0,
          "special_attack": 0,
          "special_defence": 0,
          "speed": 2
        },
        "drops": {
          "amount": 7,
          "entries": [
            {
              "item": "minecraft:sweet_berries",
              "quantityRange": "2-4"
            },
            {
              "item": "minecraft:snowball",
              "quantityRange": "0-2"
            },
            {
              "item": "cobblemon:babiri_berry",
              "percentage": 5.0
            }
          ]
        },
        "moves": [
          "1:dazzlinggleam",
          "1:imprison",
          "1:nastyplot",
          "1:icebeam",
          "1:iceshard",
          "1:confuseray",
          "1:safeguard",
          "1:blizzard",
          "1:spite",
          "1:icywind",
          "1:auroraveil",
          "1:aurorabeam",
          "1:extrasensory",
          "1:mist",
          "1:sheercold",
          "1:grudge",
          "1:powdersnow",
          "1:tailwhip",
          "1:disable",
          "egg:babydolleyes",
          "egg:captivate",
          "egg:disable",
          "egg:extrasensory",
          "egg:feintattack",
          "egg:flail",
          "egg:freezedry",
          "egg:howl",
          "egg:hypnosis",
          "egg:moonblast",
          "egg:roar",
          "egg:secretpower",
          "egg:sheercold",
          "tm:agility",
          "tm:auroraveil",
          "tm:avalanche",
          "tm:babydolleyes",
          "tm:batonpass",
          "tm:blizzard",
          "tm:bodyslam",
          "tm:calmmind",
          "tm:captivate",
          "tm:charm",
          "tm:chillingwater",
          "tm:confuseray",
          "tm:covet",
          "tm:darkpulse",
          "tm:dazzlinggleam",
          "tm:dig",
          "tm:disarmingvoice",
          "tm:doubleedge",
          "tm:drainingkiss",
          "tm:dreameater",
          "tm:encore",
          "tm:endure",
          "tm:facade",
          "tm:faketears",
          "tm:foulplay",
          "tm:frostbreath",
          "tm:gigaimpact",
          "tm:hail",
          "tm:healbell",
          "tm:helpinghand",
          "tm:hex",
          "tm:hyperbeam",
          "tm:icebeam",
          "tm:iciclespear",
          "tm:icywind",
          "tm:imprison",
          "tm:irontail",
          "tm:laserfocus",
          "tm:mistyterrain",
          "tm:nastyplot",
          "tm:painsplit",
          "tm:payback",
          "tm:playrough",
          "tm:powerswap",
          "tm:protect",
          "tm:psychup",
          "tm:psyshock",
          "tm:raindance",
          "tm:rest",
          "tm:roar",
          "tm:roleplay",
          "tm:safeguard",
          "tm:secretpower",
          "tm:sleeptalk",
          "tm:snowscape",
          "tm:spite",
          "tm:storedpower",
          "tm:substitute",
          "tm:swift",
          "tm:tailslap",
          "tm:takedown",
          "tm:terablast",
          "tm:tripleaxel",
          "tm:weatherball",
          "tm:wonderroom",
          "tm:zenheadbutt",
          "tutor:babydolleyes",
          "tutor:calmmind",
          "tutor:covet",
          "tutor:darkpulse",
          "tutor:dazzlinggleam",
          "tutor:foulplay",
          "tutor:gigaimpact",
          "tutor:healbell",
          "tutor:helpinghand",
          "tutor:hyperbeam",
          "tutor:icebeam",
          "tutor:icywind",
          "tutor:irontail",
          "tutor:laserfocus",
          "tutor:painsplit",
          "tutor:playrough",
          "tutor:rest",
          "tutor:roleplay",
          "tutor:sleeptalk",
          "tutor:spite",
          "tutor:swift",
          "tutor:tripleaxel",
          "tutor:wonderroom",
          "tutor:zenheadbutt"
        ],
        "preEvolution": "vulpix alolan",
        "evolutions": [],
        "battleOnly": false
      }
    ]
  }
  