{
  "implemented": true,
  "name": "Roserade",
  "nationalPokedexNumber": 407,
  "primaryType": "grass",
  "secondaryType": "poison",
  "abilities": [
    "naturalcure",
    "poisonpoint",
    "h:technician"
  ],
  "baseStats": {
    "hp": 60,
    "attack": 70,
    "defence": 65,
    "special_attack": 125,
    "special_defence": 105,
    "speed": 90
  },
  "catchRate": 75,
  "maleRatio": 0.5,
  "shoulderMountable": false,
  "baseExperienceYield": 258,
  "experienceGroup": "medium_slow",
  "eggCycles": 20,
  "eggGroups": [
    "fairy",
    "grass"
  ],
  "behaviour": {
    "resting": {
      "canSleep": true,
      "depth": "normal",
      "light": "0-4"
    },
    "moving": {
      "walk": {
        "walkSpeed": 0.14
      }
    }
  },
  "moves": [
    "1:absorb",
    "1:aromatherapy",
    "1:gigadrain",
    "1:grassyterrain",
    "1:growth",
    "1:ingrain",
    "1:leechseed",
    "1:magicalleaf",
    "1:megadrain",
    "1:petalblizzard",
    "1:petaldance",
    "1:poisonsting",
    "1:stunspore",
    "1:sweetscent",
    "1:synthesis",
    "1:toxic",
    "1:toxicspikes",
    "1:venomdrench",
    "1:weatherball",
    "1:worryseed",
	"50:ancientpower",
	"70:appleacid",
	"tm:silverwind",
	"tm:drainingkiss",
	"tm:clearsmog",
    "tm:attract",
    "tm:bodyslam",
    "tm:bulletseed",
    "tm:captivate",
    "tm:confide",
    "tm:cut",
    "tm:dazzlinggleam",
    "tm:doubleteam",
    "tm:endure",
    "tm:energyball",
    "tm:facade",
    "tm:flash",
    "tm:frustration",
    "tm:gigadrain",
    "tm:gigaimpact",
    "tm:grassknot",
    "tm:grassyterrain",
    "tm:hiddenpower",
    "tm:hyperbeam",
    "tm:leafstorm",
    "tm:magicalleaf",
    "tm:naturalgift",
    "tm:naturepower",
    "tm:pinmissile",
    "tm:poisonjab",
    "tm:powerwhip",
    "tm:protect",
    "tm:psychup",
    "tm:raindance",
    "tm:rest",
    "tm:return",
    "tm:round",
    "tm:secretpower",
    "tm:seedbomb",
    "tm:shadowball",
    "tm:sleeptalk",
    "tm:sludgebomb",
    "tm:snore",
    "tm:solarbeam",
    "tm:spikes",
    "tm:substitute",
    "tm:sunnyday",
    "tm:swagger",
    "tm:swift",
    "tm:swordsdance",
    "tm:toxic",
    "tm:toxicspikes",
    "tm:uproar",
    "tm:venomdrench",
    "tm:venoshock",
    "tm:weatherball",
    "tutor:covet",
    "tutor:furycutter",
    "tutor:gigadrain",
    "tutor:grassyglide",
    "tutor:laserfocus",
    "tutor:mudslap",
    "tutor:seedbomb",
    "tutor:sleeptalk",
    "tutor:snore",
    "tutor:swift",
    "tutor:synthesis",
    "tutor:worryseed"
  ],
  "labels": [
    "gen4"
  ],
  "pokedex": [
    "cobblemon.species.roserade.desc"
  ],
  "preEvolution": "roselia",
  "evolutions": [],
  "baseScale": 0.75,
  "hitbox": {
    "width": 0.7,
    "height": 1.75,
    "fixed": false
  },
  "baseFriendship": 50,
  "evYield": {
    "hp": 0,
    "attack": 0,
    "defence": 0,
    "special_attack": 3,
    "special_defence": 0,
    "speed": 0
  },
  "height": 9,
  "weight": 145,
  "aspects": [],
  "cannotDynamax": false,
  "drops": {
    "amount": 5,
    "entries": [
      {
        "item": "minecraft:rose_bush",
        "quantityRange": "1-2"
      },
      {
        "item": "cobblemon:poison_barb",
        "percentage": 10.0
      },
      {
        "item": "cobblemon:absorb_bulb",
        "percentage": 10.0
      },
      {
        "item": "cobblemon:pecha_berry",
        "percentage": 10.0
      }
    ]
  }
}
