{
  "implemented": true,
  "name": "Sandslash",
  "nationalPokedexNumber": 28,
  "primaryType": "ground",
  "abilities": [
    "sandveil",
	"sandrush",
    "h:sharpness"
  ],
  "drops": {
    "amount": 2,
    "entries": [
      {
        "item": "cobblemon:quick_claw",
        "percentage": 5.0
      },
      {
        "item": "cobblemon:soft_sand",
        "percentage": 5.0
      }
    ]
  },
  "baseStats": {
    "hp": 75,
    "attack": 110,
    "defence": 120,
    "special_attack": 25,
    "special_defence": 65,
    "speed": 65
  },
  "features": [
    "alolan"
  ],
  "behaviour": {
    "resting": {
      "canSleep": true,
      "willSleepOnBed": false,
      "depth": "normal",
      "light": "0-4"
    }
  },
  "catchRate": 90,
  "maleRatio": 0.5,
  "shoulderMountable": false,
  "forms": [
    {
      "name": "Alola",
      "primaryType": "ice",
      "secondaryType": "steel",
      "abilities": [
        "snowcloak",
		"slushrush",
        "h:icescales"
      ],
      "baseStats": {
        "hp": 75,
        "attack": 110,
        "defence": 120,
        "special_attack": 25,
        "special_defence": 65,
        "speed": 65
      },
      "catchRate": 90,
      "maleRatio": 0.5,
      "baseExperienceYield": 158,
      "baseFriendship": 50,
      "evYield": {
        "hp": 0,
        "attack": 0,
        "defence": 2,
        "special_attack": 0,
        "special_defence": 0,
        "speed": 0
      },
      "experienceGroup": "medium_fast",
      "eggCycles": 20,
      "eggGroups": [
        "field"
      ],
      "moves": [
        "1:blizzard",
        "1:defensecurl",
        "1:furycutter",
        "1:furyswipes",
        "1:gyroball",
        "1:hail",
        "1:iceball",
        "1:iciclecrash",
        "1:iciclespear",
        "1:irondefense",
        "1:ironhead",
        "1:metalburst",
        "1:metalclaw",
        "1:mist",
        "1:powdersnow",
        "1:rapidspin",
        "1:rollout",
        "1:scratch",
        "1:slash",
        "1:snowscape",
        "1:swift",
        "1:swordsdance",
        "tm:aerialace",
        "tm:agility",
        "tm:amnesia",
        "tm:attract",
        "tm:auroraveil",
        "tm:avalanche",
        "tm:blizzard",
        "tm:bodyslam",
        "tm:brickbreak",
        "tm:bulldoze",
        "tm:confide",
        "tm:curse",
        "tm:dig",
        "tm:doubleedge",
        "tm:doubleteam",
        "tm:drillrun",
        "tm:earthquake",
        "tm:endeavor",
        "tm:endure",
        "tm:facade",
        "tm:falseswipe",
        "tm:flashcannon",
        "tm:fling",
        "tm:focusblast",
        "tm:focuspunch",
        "tm:frostbreath",
        "tm:frustration",
        "tm:gigaimpact",
        "tm:gyroball",
        "tm:hail",
        "tm:hiddenpower",
        "tm:hyperbeam",
        "tm:icebeam",
        "tm:icepunch",
        "tm:icespinner",
        "tm:iciclespear",
        "tm:icywind",
        "tm:irondefense",
        "tm:ironhead",
        "tm:irontail",
        "tm:knockoff",
        "tm:leechlife",
        "tm:lowkick",
        "tm:metalclaw",
        "tm:pinmissile",
        "tm:poisonjab",
        "tm:protect",
        "tm:rest",
        "tm:return",
        "tm:rockslide",
        "tm:rocktomb",
        "tm:round",
        "tm:safeguard",
        "tm:shadowclaw",
        "tm:sleeptalk",
        "tm:snore",
        "tm:snowscape",
        "tm:spikes",
        "tm:stealthrock",
        "tm:steelbeam",
        "tm:substitute",
        "tm:sunnyday",
        "tm:superfang",
        "tm:swagger",
        "tm:swift",
        "tm:swordsdance",
        "tm:takedown",
        "tm:terablast",
        "tm:thief",
        "tm:throatchop",
        "tm:tripleaxel",
        "tm:toxic",
        "tm:workup",
        "tm:xscissor",
        "tutor:aquatail",
        "tutor:bide",
        "tutor:blizzard",
        "tutor:brickbreak",
        "tutor:counter",
        "tutor:covet",
        "tutor:defensecurl",
        "tutor:dig",
        "tutor:drillrun",
        "tutor:earthquake",
        "tutor:facade",
        "tutor:focuspunch",
        "tutor:headbutt",
        "tutor:hyperbeam",
        "tutor:icebeam",
        "tutor:icepunch",
        "tutor:iceshard",
        "tutor:icywind",
        "tutor:irondefense",
        "tutor:ironhead",
        "tutor:irontail",
        "tutor:knockoff",
        "tutor:poisonjab",
        "tutor:protect",
        "tutor:rest",
        "tutor:rockslide",
        "tutor:scratch",
        "tutor:seismictoss",
        "tutor:snore",
        "tutor:stealthrock",
        "tutor:steelbeam",
        "tutor:steelroller",
        "tutor:substitute",
        "tutor:superfang",
        "tutor:throatchop",
        "tutor:toxic",
        "tutor:tripleaxel",
        "tutor:xscissor"
      ],
      "labels": [
        "gen7",
        "alola_regional"
      ],
      "aspects": [
        "alolan"
      ],
      "height": 12,
      "weight": 550,
      "preEvolution": "sandshrew alolan",
      "cannotDynamax": false,
      "battleOnly": false,
      "drops": {
        "amount": 2,
        "entries": [
          {
            "item": "cobblemon:quick_claw",
            "percentage": 5.0
          },
          {
            "item": "cobblemon:chople_berry",
            "percentage": 5.0
          }
        ]
      }
    }
  ],
  "baseExperienceYield": 158,
  "experienceGroup": "medium_fast",
  "eggCycles": 20,
  "eggGroups": [
    "field"
  ],
  "moves": [
    "1:crushclaw",
    "1:defensecurl",
    "1:poisonsting",
    "1:sandattack",
    "1:scratch",
    "9:rollout",
    "12:furycutter",
    "14:magnitude",
    "15:rapidspin",
    "18:bulldoze",
    "21:swift",
    "26:furyswipes",
    "31:sandtomb",
    "36:slash",
    "41:dig",
    "46:gyroball",
    "51:swordsdance",
    "56:sandstorm",
    "61:earthquake",
    "tm:aerialace",
    "tm:agility",
    "tm:amnesia",
    "tm:attract",
    "tm:bodyslam",
    "tm:brickbreak",
    "tm:bulldoze",
    "tm:captivate",
    "tm:confide",
    "tm:curse",
    "tm:cut",
    "tm:dig",
    "tm:doubleedge",
    "tm:doubleteam",
    "tm:drillrun",
    "tm:earthpower",
    "tm:earthquake",
    "tm:endeavor",
    "tm:endure",
    "tm:facade",
    "tm:falseswipe",
    "tm:fling",
    "tm:focusblast",
    "tm:focuspunch",
    "tm:frustration",
    "tm:gigaimpact",
    "tm:gunkshot",
    "tm:gyroball",
    "tm:hiddenpower",
    "tm:highhorsepower",
    "tm:honeclaws",
    "tm:hyperbeam",
    "tm:irontail",
    "tm:knockoff",
    "tm:leechlife",
    "tm:lowkick",
    "tm:metalclaw",
    "tm:mudshot",
    "tm:mudslap",
    "tm:naturalgift",
    "tm:pinmissile",
    "tm:poisonjab",
    "tm:protect",
    "tm:rest",
    "tm:return",
    "tm:rockclimb",
    "tm:rockslide",
    "tm:rocksmash",
    "tm:rocktomb",
    "tm:round",
    "tm:safeguard",
    "tm:sandstorm",
    "tm:sandtomb",
    "tm:scorchingsands",
    "tm:secretpower",
    "tm:shadowclaw",
    "tm:sleeptalk",
    "tm:smackdown",
    "tm:snore",
    "tm:spikes",
    "tm:stealthrock",
    "tm:stompingtantrum",
    "tm:stoneedge",
    "tm:strength",
    "tm:substitute",
    "tm:sunnyday",
    "tm:superfang",
    "tm:swagger",
    "tm:swift",
    "tm:swordsdance",
    "tm:takedown",
    "tm:terablast",
    "tm:thief",
    "tm:throatchop",
    "tm:toxic",
    "tm:workup",
    "tm:xscissor",
    "tutor:attract",
    "tutor:bide",
    "tutor:bodyslam",
    "tutor:brickbreak",
    "tutor:counter",
    "tutor:covet",
    "tutor:curse",
    "tutor:cut",
    "tutor:defensecurl",
    "tutor:detect",
    "tutor:dig",
    "tutor:doubleedge",
    "tutor:doubleteam",
    "tutor:drillrun",
    "tutor:dynamicpunch",
    "tutor:earthpower",
    "tutor:earthquake",
    "tutor:endure",
    "tutor:facade",
    "tutor:fissure",
    "tutor:focuspunch",
    "tutor:frustration",
    "tutor:furycutter",
    "tutor:furyswipes",
    "tutor:headbutt",
    "tutor:hiddenpower",
    "tutor:hyperbeam",
    "tutor:irontail",
    "tutor:knockoff",
    "tutor:mimic",
    "tutor:mudslap",
    "tutor:poisonjab",
    "tutor:poisonsting",
    "tutor:protect",
    "tutor:rage",
    "tutor:rest",
    "tutor:return",
    "tutor:rockslide",
    "tutor:rocksmash",
    "tutor:rollout",
    "tutor:sandattack",
    "tutor:sandstorm",
    "tutor:scorchingsands",
    "tutor:scratch",
    "tutor:seismictoss",
    "tutor:skullbash",
    "tutor:slash",
    "tutor:sleeptalk",
    "tutor:snore",
    "tutor:stealthrock",
    "tutor:steelroller",
    "tutor:stompingtantrum",
    "tutor:strength",
    "tutor:submission",
    "tutor:substitute",
    "tutor:sunnyday",
    "tutor:superfang",
    "tutor:swagger",
    "tutor:swift",
    "tutor:swordsdance",
    "tutor:takedown",
    "tutor:thief",
    "tutor:toxic",
    "tutor:xscissor"
  ],
  "labels": [
    "gen1",
    "kanto_regional"
  ],
  "pokedex": [
    "cobblemon.species.sandslash.desc"
  ],
  "preEvolution": "sandshrew",
  "evolutions": [],
  "baseScale": 0.7,
  "hitbox": {
    "width": 1,
    "height": 1.3,
    "fixed": false
  },
  "baseFriendship": 50,
  "evYield": {
    "hp": 0,
    "attack": 0,
    "defence": 2,
    "special_attack": 0,
    "special_defence": 0,
    "speed": 0
  },
  "height": 10,
  "weight": 295,
  "aspects": [],
  "cannotDynamax": false
}
