{
    "implemented": true,
    "nationalPokedexNumber": 37,
    "name": "Vulpix",
    "primaryType": "fire",
    "maleRatio": 0.25,
    "height": 6,
    "weight": 99,
    "pokedex": [
      "cobblemon.species.vulpix.desc"
    ],
    "labels": [
      "gen1",
      "kantonian_form"
    ],
    "aspects": [],
    "abilities": [
      "flashfire",
      "drought",
      "h:cursedbody"
    ],
    "eggGroups": [
      "field"
    ],
    "baseStats": {
      "hp": 50,
      "attack": 41,
      "defence": 40,
      "special_attack": 65,
      "special_defence": 65,
      "speed": 65
    },
    "evYield": {
      "hp": 0,
      "attack": 0,
      "defence": 0,
      "special_attack": 0,
      "special_defence": 0,
      "speed": 1
    },
    "baseExperienceYield": 60,
    "experienceGroup": "medium_fast",
    "catchRate": 190,
    "eggCycles": 20,
    "baseFriendship": 50,
    "features": [
      "alolan"
    ],
    "baseScale": 0.7,
    "hitbox": {
      "width": 0.9,
      "height": 1.1,
      "fixed": false
    },
    "behaviour": {
      "resting": {
        "canSleep": true,
        "willSleepOnBed": true,
        "light": "0-4"
      }
    },
    "drops": {
      "amount": 5,
      "entries": [
        {
          "item": "minecraft:sweet_berries",
          "quantityRange": "1-3"
        },
        {
          "item": "minecraft:charcoal",
          "percentage": 2.5
        },
        {
          "item": "cobblemon:rawst_berry",
          "percentage": 2.5
        }
      ]
    },
    "moves": [
      "1:ember",
      "1:tailwhip",
      "4:disable",
      "8:quickattack",
      "10:willowisp",
      "12:spite",
      "16:incinerate",
      "20:confuseray",
      "28:flameburst",
      "30:mysticalfire",
      "32:flamethrower",
      "36:imprison",
      "40:firespin",
      "44:safeguard",
      "48:inferno",
      "52:grudge",
      "60:moonblast",
      "egg:babydolleyes",
      "egg:captivate",
      "egg:disable",
      "egg:extrasensory",
      "egg:feintattack",
      "egg:flail",
      "egg:flamecharge",
      "egg:healingwish",
      "egg:howl",
      "egg:hypnosis",
      "egg:memento",
      "egg:roar",
      "egg:secretpower",
      "tm:agility",
      "tm:babydolleyes",
      "tm:batonpass",
      "tm:bodyslam",
      "tm:burningjealousy",
      "tm:captivate",
      "tm:charm",
      "tm:confuseray",
      "tm:covet",
      "tm:darkpulse",
      "tm:dig",
      "tm:doubleedge",
      "tm:encore",
      "tm:endure",
      "tm:energyball",
      "tm:facade",
      "tm:fireblast",
      "tm:firespin",
      "tm:flamecharge",
      "tm:flamethrower",
      "tm:flareblitz",
      "tm:foulplay",
      "tm:headbutt",
      "tm:heatwave",
      "tm:helpinghand",
      "tm:hex",
      "tm:imprison",
      "tm:incinerate",
      "tm:irontail",
      "tm:mysticalfire",
      "tm:nastyplot",
      "tm:ominouswind",
      "tm:overheat",
      "tm:painsplit",
      "tm:payback",
      "tm:powerswap",
      "tm:protect",
      "tm:psychup",
      "tm:rest",
      "tm:roar",
      "tm:roleplay",
      "tm:safeguard",
      "tm:secretpower",
      "tm:sleeptalk",
      "tm:snarl",
      "tm:spite",
      "tm:substitute",
      "tm:sunnyday",
      "tm:swift",
      "tm:tailslap",
      "tm:takedown",
      "tm:terablast",
      "tm:weatherball",
      "tm:willowisp",
      "tm:zenheadbutt",
      "tutor:babydolleyes",
      "tutor:burningjealousy",
      "tutor:covet",
      "tutor:darkpulse",
      "tutor:energyball",
      "tutor:flamethrower",
      "tutor:foulplay",
      "tutor:heatwave",
      "tutor:helpinghand",
      "tutor:irontail",
      "tutor:mysticalfire",
      "tutor:ominouswind",
      "tutor:painsplit",
      "tutor:rest",
      "tutor:roleplay",
      "tutor:sleeptalk",
      "tutor:snarl",
      "tutor:spite",
      "tutor:swift",
      "tutor:zenheadbutt"
    ],
    "evolutions": [
      {
        "id": "vulpix_ninetales",
        "variant": "item_interact",
        "result": "ninetales",
        "consumeHeldItem": true,
        "learnableMoves": [],
        "requirements": [],
        "requiredContext": "cobblemon:fire_stone"
      }
    ],
    "forms": [
      {
        "name": "Alola",
        "primaryType": "ice",
        "maleRatio": 0.25,
        "height": 6,
        "weight": 99,
        "pokedex": [
          "cobblemon.species.vulpix-alola.desc"
        ],
        "labels": [
          "gen7",
          "alolan_form"
        ],
        "aspects": [
          "alolan"
        ],
        "abilities": [
          "snowcloak",
          "h:snowwarning"
        ],
        "drops": {
          "amount": 5,
          "entries": [
            {
              "item": "minecraft:sweet_berries",
              "quantityRange": "1-3"
            },
            {
              "item": "minecraft:snowball",
              "quantityRange": "0-1"
            },
            {
              "item": "cobblemon:babiri_berry",
              "percentage": 2.5
            }
          ]
        },
        "moves": [
          "1:powdersnow",
          "1:tailwhip",
          "4:disable",
          "8:iceshard",
          "12:spite",
          "16:icywind",
          "20:confuseray",
          "24:aurorabeam",
          "28:extrasensory",
          "32:icebeam",
          "36:imprison",
          "40:mist",
          "44:auroraveil",
          "48:freezedry",
          "52:grudge",
          "egg:babydolleyes",
          "egg:captivate",
          "egg:disable",
          "egg:extrasensory",
          "egg:feintattack",
          "egg:flail",
          "egg:freezedry",
          "egg:howl",
          "egg:hypnosis",
          "egg:moonblast",
          "egg:roar",
          "egg:secretpower",
          "egg:sheercold",
          "tm:agility",
          "tm:auroraveil",
          "tm:babydolleyes",
          "tm:batonpass",
          "tm:blizzard",
          "tm:bodyslam",
          "tm:captivate",
          "tm:charm",
          "tm:chillingwater",
          "tm:confuseray",
          "tm:covet",
          "tm:darkpulse",
          "tm:dazzlinggleam",
          "tm:dig",
          "tm:disarmingvoice",
          "tm:doubleedge",
          "tm:drainingkiss",
          "tm:encore",
          "tm:endure",
          "tm:facade",
          "tm:faketears",
          "tm:foulplay",
          "tm:frostbreath",
          "tm:hail",
          "tm:healbell",
          "tm:helpinghand",
          "tm:hex",
          "tm:icebeam",
          "tm:iciclespear",
          "tm:icywind",
          "tm:imprison",
          "tm:irontail",
          "tm:mistyterrain",
          "tm:nastyplot",
          "tm:painsplit",
          "tm:payback",
          "tm:playrough",
          "tm:powerswap",
          "tm:protect",
          "tm:psychup",
          "tm:raindance",
          "tm:rest",
          "tm:roar",
          "tm:roleplay",
          "tm:safeguard",
          "tm:secretpower",
          "tm:sleeptalk",
          "tm:snowscape",
          "tm:spite",
          "tm:storedpower",
          "tm:substitute",
          "tm:swift",
          "tm:tailslap",
          "tm:takedown",
          "tm:terablast",
          "tm:weatherball",
          "tm:zenheadbutt",
          "tutor:babydolleyes",
          "tutor:covet",
          "tutor:darkpulse",
          "tutor:dazzlinggleam",
          "tutor:foulplay",
          "tutor:healbell",
          "tutor:helpinghand",
          "tutor:icebeam",
          "tutor:icywind",
          "tutor:irontail",
          "tutor:painsplit",
          "tutor:playrough",
          "tutor:rest",
          "tutor:roleplay",
          "tutor:sleeptalk",
          "tutor:spite",
          "tutor:swift",
          "tutor:zenheadbutt"
        ],
        "evolutions": [
          {
            "id": "vulpix_ninetalesalola",
            "variant": "item_interact",
            "result": "ninetales alolan",
            "consumeHeldItem": true,
            "learnableMoves": [
              "dazzlinggleam"
            ],
            "requirements": [],
            "requiredContext": "cobblemon:ice_stone"
          }
        ],
        "battleOnly": false
      }
    ]
  }
  