{
  "target": "cobblemon:electivire",
  "abilities": [
    "motordrive",
    "h:vitalspirit"
  ],
  "baseStats": {
    "hp": 75,
    "attack": 113,
    "defence": 67,
    "special_attack": 105,
    "special_defence": 85,
    "speed": 95
  },
  "moves": [
    "1:quickattack",
    "1:leer",
    "1:thundershock",
    "1:iondeluge",
    "1:charge",
    "1:machpunch",
    "12:swift",
    "16:shockwave",
    "20:thunderwave",
    "24:screech",
    "28:thunderpunch",
    "34:discharge",
    "40:lowkick",
    "46:thunderbolt",
    "52:lightscreen",
    "58:thunder",
    "64:gigaimpact",
    "70:plasmafists",
    "egg:barrier",
    "egg:crosschop",
    "egg:dynamicpunch",
    "egg:feint",
    "egg:focuspunch",
    "egg:followme",
    "egg:hammerarm",
    "egg:karatechop",
    "egg:meditate",
    "egg:rollingkick",
    "tm:closecombat",
    "tm:aurasphere",
    "tm:bulkup",
    "tm:bodyslam",
    "tm:brickbreak",
    "tm:bulkup",
    "tm:bulldoze",
    "tm:charge",
    "tm:chargebeam",
    "tm:covet",
    "tm:darkestlariat",
    "tm:dig",
    "tm:doubleedge",
    "tm:dualchop",
    "tm:earthquake",
    "tm:eerieimpulse",
    "tm:electricterrain",
    "tm:electroball",
    "tm:electroweb",
    "tm:endure",
    "tm:facade",
    "tm:firepunch",
    "tm:flamethrower",
    "tm:flash",
    "tm:fling",
    "tm:focusblast",
    "tm:focuspunch",
    "tm:gigaimpact",
    "tm:headbutt",
    "tm:helpinghand",
    "tm:hyperbeam",
    "tm:icepunch",
    "tm:irontail",
    "tm:knockoff",
    "tm:lightscreen",
    "tm:lowkick",
    "tm:lowsweep",
    "tm:magnetrise",
    "tm:megakick",
    "tm:megapunch",
    "tm:metalsound",
    "tm:metronome",
    "tm:poweruppunch",
    "tm:protect",
    "tm:psychic",
    "tm:raindance",
    "tm:reflect",
    "tm:rest",
    "tm:risingvoltage",
    "tm:rockclimb",
    "tm:rockslide",
    "tm:rocksmash",
    "tm:rocktomb",
    "tm:screech",
    "tm:shockwave",
    "tm:signalbeam",
    "tm:sleeptalk",
    "tm:stompingtantrum",
    "tm:strength",
    "tm:substitute",
    "tm:supercellslam",
    "tm:swift",
    "tm:takedown",
    "tm:taunt",
    "tm:terablast",
    "tm:thief",
    "tm:thunder",
    "tm:thunderbolt",
    "tm:thunderpunch",
    "tm:thunderwave",
    "tm:torment",
    "tm:trailblaze",
    "tm:uproar",
    "tm:voltswitch",
    "tm:weatherball",
    "tm:wildcharge",
    "tutor:bulkup",
    "tutor:bulldoze",
    "tutor:chargebeam",
    "tutor:covet",
    "tutor:dualchop",
    "tutor:electroweb",
    "tutor:firepunch",
    "tutor:flamethrower",
    "tutor:focuspunch",
    "tutor:gigaimpact",
    "tutor:helpinghand",
    "tutor:hyperbeam",
    "tutor:icepunch",
    "tutor:irontail",
    "tutor:knockoff",
    "tutor:lowkick",
    "tutor:magnetrise",
    "tutor:psychic",
    "tutor:rest",
    "tutor:risingvoltage",
    "tutor:rockslide",
    "tutor:rocksmash",
    "tutor:shockwave",
    "tutor:signalbeam",
    "tutor:sleeptalk",
    "tutor:stompingtantrum",
    "tutor:swift",
    "tutor:thunderbolt",
    "tutor:thunderpunch",
    "tutor:uproar",
    "tutor:wildcharge"
  ]
}