{
  "target": "cobblemon:glaceon",
  "abilities": [
    "snowcloak",
    "slushrush",
    "h:snowwarning"
  ],
  "baseStats": {
    "hp": 80,
    "attack": 45,
    "defence": 100,
    "special_attack": 130,
    "special_defence": 95,
    "speed": 75
  },
  "moves": [
    "1:tailwhip",
    "1:tackle",
    "1:helpinghand",
    "1:icywind",
    "1:barrier",
    "1:swift",
    "1:covet",
    "1:copycat",
    "1:batonpass",
    "1:takedown",
    "1:charm",
    "1:doubleedge",
    "1:growl",
    "1:trumpcard",
    "1:refresh",
    "5:sandattack",
    "10:quickattack",
    "15:babydolleyes",
    "20:iceshard",
    "25:bite",
    "30:icefang",
    "35:snowscape",
    "40:freezedry",
    "45:mirrorcoat",
    "50:blizzard",
    "55:lastresort",
    "egg:captivate",
    "egg:curse",
    "egg:detect",
    "egg:doublekick",
    "egg:flail",
    "egg:mudslap",
    "egg:naturalgift",
    "egg:synchronoise",
    "egg:tickle",
    "egg:wish",
    "egg:yawn",
    "tm:followme",
    "tm:alluringvoice",
    "tm:aquatail",
    "tm:auroraveil",
    "tm:avalanche",
    "tm:babydolleyes",
    "tm:batonpass",
    "tm:blizzard",
    "tm:bodyslam",
    "tm:calmmind",
    "tm:captivate",
    "tm:charm",
    "tm:chillingwater",
    "tm:covet",
    "tm:curse",
    "tm:dig",
    "tm:doubleedge",
    "tm:echoedvoice",
    "tm:endure",
    "tm:facade",
    "tm:faketears",
    "tm:focusenergy",
    "tm:frostbreath",
    "tm:gigaimpact",
    "tm:gravity",
    "tm:hail",
    "tm:haze",
    "tm:headbutt",
    "tm:healbell",
    "tm:helpinghand",
    "tm:hyperbeam",
    "tm:hypervoice",
    "tm:icebeam",
    "tm:icefang",
    "tm:iciclespear",
    "tm:icywind",
    "tm:irontail",
    "tm:laserfocus",
    "tm:lastresort",
    "tm:mudshot",
    "tm:mudslap",
    "tm:naturalgift",
    "tm:payday",
    "tm:powdersnow",
    "tm:protect",
    "tm:raindance",
    "tm:rest",
    "tm:retaliate",
    "tm:roar",
    "tm:rocksmash",
    "tm:shadowball",
    "tm:signalbeam",
    "tm:sleeptalk",
    "tm:snowscape",
    "tm:storedpower",
    "tm:strength",
    "tm:substitute",
    "tm:sunnyday",
    "tm:swift",
    "tm:takedown",
    "tm:terablast",
    "tm:trailblaze",
    "tm:tripleaxel",
    "tm:waterpulse",
    "tm:weatherball",
    "tm:workup",
    "tutor:aquatail",
    "tutor:babydolleyes",
    "tutor:calmmind",
    "tutor:covet",
    "tutor:focusenergy",
    "tutor:gigaimpact",
    "tutor:gravity",
    "tutor:healbell",
    "tutor:helpinghand",
    "tutor:hyperbeam",
    "tutor:hypervoice",
    "tutor:icebeam",
    "tutor:icefang",
    "tutor:icywind",
    "tutor:irontail",
    "tutor:laserfocus",
    "tutor:lastresort",
    "tutor:mudslap",
    "tutor:rest",
    "tutor:rocksmash",
    "tutor:shadowball",
    "tutor:signalbeam",
    "tutor:sleeptalk",
    "tutor:swift",
    "tutor:tripleaxel",
    "tutor:waterpulse"
  ]
}