{
  "target": "cobblemon:lumineon",
  "abilities": [
    "dazzling",
    "stormdrain",
    "h:waterveil"
  ],
  "baseStats": {
    "hp": 79,
    "attack": 59,
    "defence": 76,
    "special_attack": 96,
    "special_defence": 86,
    "speed": 100
  },
  "moves": [
    "1:pound",
    "1:watergun",
    "1:gust",
    "1:soak",
    "1:captivate",
    "1:bubble",
    "13:raindance",
    "22:waterpulse",
    "26:attract",
    "29:safeguard",
    "35:aquaring",
    "42:whirlpool",
    "48:uturn",
    "53:bounce",
    "59:tailwind",
    "59:tailglow",
    "64:hurricane",
    "egg:agility",
    "egg:aquatail",
    "egg:attract",
    "egg:aurorabeam",
    "egg:charm",
    "egg:confuseray",
    "egg:flail",
    "egg:psybeam",
    "egg:splash",
    "egg:sweetkiss",
    "egg:tickle",
    "tm:acrobatics",
    "tm:agility",
    "tm:aircutter",
    "tm:airslash",
    "tm:alluringvoice",
    "tm:aquatail",
    "tm:attract",
    "tm:babydolleyes",
    "tm:blizzard",
    "tm:bounce",
    "tm:brine",
    "tm:captivate",
    "tm:charm",
    "tm:chillingwater",
    "tm:confuseray",
    "tm:dazzlinggleam",
    "tm:defog",
    "tm:dive",
    "tm:encore",
    "tm:endure",
    "tm:facade",
    "tm:flash",
    "tm:flipturn",
    "tm:gigaimpact",
    "tm:hail",
    "tm:helpinghand",
    "tm:hydropump",
    "tm:hyperbeam",
    "tm:icebeam",
    "tm:icywind",
    "tm:ominouswind",
    "tm:payback",
    "tm:protect",
    "tm:psybeam",
    "tm:psychup",
    "tm:raindance",
    "tm:rest",
    "tm:safeguard",
    "tm:signalbeam",
    "tm:silverwind",
    "tm:sleeptalk",
    "tm:substitute",
    "tm:surf",
    "tm:swift",
    "tm:tailwind",
    "tm:takedown",
    "tm:terablast",
    "tm:thief",
    "tm:twister",
    "tm:uturn",
    "tm:waterfall",
    "tm:waterpulse",
    "tm:whirlpool",
    "tutor:aircutter",
    "tutor:aquatail",
    "tutor:babydolleyes",
    "tutor:bounce",
    "tutor:dazzlinggleam",
    "tutor:defog",
    "tutor:dive",
    "tutor:flipturn",
    "tutor:gigaimpact",
    "tutor:helpinghand",
    "tutor:hyperbeam",
    "tutor:icebeam",
    "tutor:icywind",
    "tutor:ominouswind",
    "tutor:rest",
    "tutor:signalbeam",
    "tutor:sleeptalk",
    "tutor:swift",
    "tutor:tailwind",
    "tutor:twister",
    "tutor:waterpulse"
  ]
}