{
    "target": "cobblemon:meganium",
    "primaryType": "grass",
    "secondaryType": "fairy",
    "abilities": [
        "overgrow",
        "h:triage"
     ],
     "moves": [
        "drainingkiss",
        "1:growl",
        "1:petalblizzard",
        "1:petaldance",
        "1:poisonpowder",
        "1:razorleaf",
        "1:tackle",
        "12:synthesis",
        "18:reflect",
        "22:magicalleaf",
        "26:leechseed",
        "26:naturalgift",
        "34:sweetscent",
        "40:lightscreen",
        "46:bodyslam",
        "54:safeguard",
        "60:aromatherapy",
        "60:gigadrain",
        "65:solarbeam",
        "66:solarbeam",
        "tm:playrough",
        "tm:dazzlinggleam",
        "tm:attract",
        "tm:bodypress",
        "tm:bodyslam",
        "tm:bulldoze",
        "tm:bulletseed",
        "tm:captivate",
        "tm:charm",
        "tm:confide",
        "tm:curse",
        "tm:cut",
        "tm:doubleedge",
        "tm:doubleteam",
        "tm:dragontail",
        "tm:earthquake",
        "tm:echoedvoice",
        "tm:encore",
        "tm:endeavor",
        "tm:endure",
        "tm:energyball",
        "tm:facade",
        "tm:faketears",
        "tm:flash",
        "tm:frenzyplant",
        "tm:frustration",
        "tm:gigadrain",
        "tm:gigaimpact",
        "tm:grassknot",
        "tm:grasspledge",
        "tm:grassyglide",
        "tm:grassyterrain",
        "tm:helpinghand",
        "tm:hiddenpower",
        "tm:hyperbeam",
        "tm:irontail",
        "tm:knockoff",
        "tm:leafstorm",
        "tm:lightscreen",
        "tm:magicalleaf",
        "tm:mudslap",
        "tm:naturalgift",
        "tm:naturepower",
        "tm:outrage",
        "tm:petalblizzard",
        "tm:protect",
        "tm:reflect",
        "tm:rest",
        "tm:return",
        "tm:rockclimb",
        "tm:rocksmash",
        "tm:round",
        "tm:safeguard",
        "tm:secretpower",
        "tm:seedbomb",
        "tm:sleeptalk",
        "tm:solarbeam",
        "tm:solarblade",
        "tm:stompingtantrum",
        "tm:strength",
        "tm:substitute",
        "tm:sunnyday",
        "tm:swagger",
        "tm:swordsdance",
        "tm:takedown",
        "tm:terablast",
        "tm:toxic",
        "tm:trailblaze",
        "tm:weatherball",
        "tm:workup",
        "tm:zenheadbutt",
        "tutor:ancientpower",
        "tutor:attract",
        "tutor:bodyslam",
        "tutor:counter",
        "tutor:curse",
        "tutor:cut",
        "tutor:detect",
        "tutor:doubleedge",
        "tutor:doubleteam",
        "tutor:earthquake",
        "tutor:endure",
        "tutor:flash",
        "tutor:frenzyplant",
        "tutor:frustration",
        "tutor:furycutter",
        "tutor:gigadrain",
        "tutor:grasspledge",
        "tutor:growl",
        "tutor:headbutt",
        "tutor:hiddenpower",
        "tutor:hyperbeam",
        "tutor:irontail",
        "tutor:laserfocus",
        "tutor:lightscreen",
        "tutor:magiccoat",
        "tutor:mimic",
        "tutor:mudslap",
        "tutor:outrage",
        "tutor:poisonpowder",
        "tutor:protect",
        "tutor:razorleaf",
        "tutor:reflect",
        "tutor:rest",
        "tutor:return",
        "tutor:rocksmash",
        "tutor:safeguard",
        "tutor:seedbomb",
        "tutor:sleeptalk",
        "tutor:snore",
        "tutor:solarbeam",
        "tutor:stompingtantrum",
        "tutor:strength",
        "tutor:substitute",
        "tutor:sunnyday",
        "tutor:swagger",
        "tutor:sweetscent",
        "tutor:swordsdance",
        "tutor:synthesis",
        "tutor:tackle",
        "tutor:toxic",
        "tutor:worryseed"
    ]
}