{
 "target": "cobblemon:sylveon",
 "baseStats": {
    "defence": 75
  },
 "abilities": [
    "cutecharm",
	"mistysurge",
    "h:pixilate"
  ],
  "moves": [
    "1:disarmingvoice",
    "1:tailwhip",
    "1:tackle",
    "1:helpinghand",
    "1:fairywind",
    "1:covet",
    "1:bite",
    "1:copycat",
    "1:batonpass",
    "1:takedown",
    "1:charm",
    "1:doubleedge",
    "1:growl",
    "1:trumpcard",
    "1:refresh",
    "5:sandattack",
    "10:quickattack",
    "15:babydolleyes",
    "20:swift",
    "25:lightscreen",
    "30:drainingkiss",
    "35:mistyterrain",
    "40:skillswap",
    "45:psychup",
    "50:moonblast",
    "55:lastresort",
    "egg:captivate",
    "egg:curse",
    "egg:detect",
    "egg:doublekick",
    "egg:flail",
    "egg:mudslap",
    "egg:naturalgift",
    "egg:synchronoise",
    "egg:tickle",
    "egg:wish",
    "egg:yawn",
	"tm:followme",
    "tm:alluringvoice",
    "tm:babydolleyes",
    "tm:batonpass",
    "tm:bite",
    "tm:bodyslam",
    "tm:calmmind",
    "tm:captivate",
    "tm:charm",
    "tm:copycat",
    "tm:covet",
    "tm:curse",
    "tm:cut",
    "tm:dazzlinggleam",
    "tm:detect",
    "tm:dig",
    "tm:disarmingvoice",
    "tm:doubleedge",
    "tm:doublekick",
    "tm:drainingkiss",
    "tm:echoedvoice",
    "tm:endure",
    "tm:facade",
    "tm:fairywind",
    "tm:faketears",
    "tm:flail",
    "tm:flash",
    "tm:focusenergy",
    "tm:gigaimpact",
    "tm:growl",
    "tm:healbell",
    "tm:helpinghand",
    "tm:hyperbeam",
    "tm:hypervoice",
    "tm:irontail",
    "tm:laserfocus",
    "tm:lastresort",
    "tm:lightscreen",
    "tm:magicalleaf",
    "tm:magiccoat",
    "tm:mistyexplosion",
    "tm:mistyterrain",
    "tm:moonblast",
    "tm:mudslap",
    "tm:mysticalfire",
    "tm:naturalgift",
    "tm:payday",
    "tm:playrough",
    "tm:protect",
    "tm:psychic",
    "tm:psychup",
    "tm:psyshock",
    "tm:quickattack",
    "tm:raindance",
    "tm:reflect",
    "tm:refresh",
    "tm:rest",
    "tm:retaliate",
    "tm:roar",
    "tm:rocksmash",
    "tm:safeguard",
    "tm:sandattack",
    "tm:shadowball",
    "tm:skillswap",
    "tm:sleeptalk",
    "tm:storedpower",
    "tm:substitute",
    "tm:sunnyday",
    "tm:swift",
    "tm:synchronoise",
    "tm:tackle",
    "tm:tailwhip",
    "tm:takedown",
    "tm:telekinesis",
    "tm:terablast",
    "tm:tickle",
    "tm:trailblaze",
    "tm:trumpcard",
    "tm:weatherball",
    "tm:wish",
    "tm:workup",
    "tm:yawn"
  ]
}