{
  "target": "cobblemon:espeon",
  "abilities": [
    "synchronize",
    "psychicsurge",
    "h:magicbounce"
  ],
  "baseStats": {
    "hp": 65,
    "attack": 65,
    "defence": 70,
    "special_attack": 130,
    "special_defence": 95,
    "speed": 110
  },
  "moves": [
    "1:tailwhip",
    "1:tackle",
    "1:helpinghand",
    "1:confusion",
    "1:covet",
    "1:bite",
    "1:copycat",
    "1:batonpass",
    "1:takedown",
    "1:charm",
    "1:doubleedge",
    "1:growl",
    "1:trumpcard",
    "1:refresh",
    "5:sandattack",
    "10:quickattack",
    "15:babydolleyes",
    "20:swift",
    "25:psybeam",
    "30:morningsun",
    "35:powerswap",
    "40:psychic",
    "45:psychup",
    "50:futuresight",
    "55:lastresort",
    "egg:captivate",
    "egg:curse",
    "egg:detect",
    "egg:doublekick",
    "egg:flail",
    "egg:mudslap",
    "egg:naturalgift",
    "egg:synchronoise",
    "egg:tickle",
    "egg:wish",
    "egg:yawn",
    "tm:followme",
    "tm:alluringvoice",
    "tm:allyswitch",
    "tm:babydolleyes",
    "tm:batonpass",
    "tm:bodyslam",
    "tm:calmmind",
    "tm:captivate",
    "tm:charm",
    "tm:confuseray",
    "tm:covet",
    "tm:curse",
    "tm:cut",
    "tm:dazzlinggleam",
    "tm:dig",
    "tm:doubleedge",
    "tm:drainingkiss",
    "tm:dreameater",
    "tm:echoedvoice",
    "tm:endure",
    "tm:expandingforce",
    "tm:facade",
    "tm:faketears",
    "tm:flash",
    "tm:focusenergy",
    "tm:futuresight",
    "tm:gigaimpact",
    "tm:grassknot",
    "tm:gravity",
    "tm:headbutt",
    "tm:healbell",
    "tm:helpinghand",
    "tm:hyperbeam",
    "tm:hypervoice",
    "tm:imprison",
    "tm:irontail",
    "tm:laserfocus",
    "tm:lastresort",
    "tm:lightscreen",
    "tm:magicalleaf",
    "tm:magiccoat",
    "tm:magicroom",
    "tm:mudslap",
    "tm:naturalgift",
    "tm:payday",
    "tm:powergem",
    "tm:powerswap",
    "tm:protect",
    "tm:psybeam",
    "tm:psychic",
    "tm:psychicfangs",
    "tm:psychicnoise",
    "tm:psychicterrain",
    "tm:psychup",
    "tm:psyshock",
    "tm:raindance",
    "tm:reflect",
    "tm:rest",
    "tm:retaliate",
    "tm:roar",
    "tm:shadowball",
    "tm:signalbeam",
    "tm:skillswap",
    "tm:sleeptalk",
    "tm:storedpower",
    "tm:substitute",
    "tm:sunnyday",
    "tm:swift",
    "tm:takedown",
    "tm:telekinesis",
    "tm:terablast",
    "tm:thunderwave",
    "tm:trailblaze",
    "tm:trick",
    "tm:trickroom",
    "tm:weatherball",
    "tm:workup",
    "tm:zenheadbutt",
    "tutor:allyswitch",
    "tutor:babydolleyes",
    "tutor:calmmind",
    "tutor:covet",
    "tutor:dazzlinggleam",
    "tutor:expandingforce",
    "tutor:focusenergy",
    "tutor:gigaimpact",
    "tutor:gravity",
    "tutor:healbell",
    "tutor:helpinghand",
    "tutor:hyperbeam",
    "tutor:hypervoice",
    "tutor:irontail",
    "tutor:laserfocus",
    "tutor:lastresort",
    "tutor:magicalleaf",
    "tutor:magiccoat",
    "tutor:magicroom",
    "tutor:mudslap",
    "tutor:psychic",
    "tutor:rest",
    "tutor:shadowball",
    "tutor:signalbeam",
    "tutor:skillswap",
    "tutor:sleeptalk",
    "tutor:swift",
    "tutor:telekinesis",
    "tutor:trick",
    "tutor:zenheadbutt"
  ]
}