{
  "target": "cobblemon:miltank",
  "baseStats": {
    "defence": 85,
    "special_defence": 80
  },
  "moves": [
    "1:tackle",
    "1:growl",
    "1:bide",
    "1:wakeupslap",
    "5:rollout",
    "10:defensecurl",
    "15:stomp",
    "20:healbell",
    "25:headbutt",
    "30:zenheadbutt",
    "35:milkdrink",
    "40:bodyslam",
    "45:playrough",
    "50:charm",
    "55:highhorsepower",
    "egg:belch",
    "egg:captivate",
    "egg:curse",
    "egg:dizzypunch",
    "egg:doubleedge",
    "egg:focuspunch",
    "egg:hammerarm",
    "egg:heartstamp",
    "egg:naturalgift",
    "egg:present",
    "egg:punishment",
    "egg:seismictoss",
    "tm:rapidspin",
    "tm:afteryou",
    "tm:belch",
    "tm:bide",
    "tm:blizzard",
    "tm:block",
    "tm:bodypress",
    "tm:bodyslam",
    "tm:brickbreak",
    "tm:bulldoze",
    "tm:captivate",
    "tm:charm",
    "tm:curse",
    "tm:defensecurl",
    "tm:dizzypunch",
    "tm:doubleedge",
    "tm:earthquake",
    "tm:echoedvoice",
    "tm:endure",
    "tm:facade",
    "tm:firepunch",
    "tm:fling",
    "tm:focusblast",
    "tm:focuspunch",
    "tm:gigaimpact",
    "tm:growl",
    "tm:gyroball",
    "tm:hammerarm",
    "tm:headbutt",
    "tm:healbell",
    "tm:heartstamp",
    "tm:heavyslam",
    "tm:helpinghand",
    "tm:highhorsepower",
    "tm:hyperbeam",
    "tm:icebeam",
    "tm:icepunch",
    "tm:icywind",
    "tm:ironhead",
    "tm:irontail",
    "tm:megakick",
    "tm:megapunch",
    "tm:metronome",
    "tm:milkdrink",
    "tm:mudslap",
    "tm:naturalgift",
    "tm:playrough",
    "tm:poweruppunch",
    "tm:present",
    "tm:protect",
    "tm:psychup",
    "tm:punishment",
    "tm:raindance",
    "tm:rest",
    "tm:retaliate",
    "tm:reversal",
    "tm:rockslide",
    "tm:rocksmash",
    "tm:rocktomb",
    "tm:rollout",
    "tm:sandstorm",
    "tm:seismictoss",
    "tm:shadowball",
    "tm:shockwave",
    "tm:sleeptalk",
    "tm:solarbeam",
    "tm:stealthrock",
    "tm:steelroller",
    "tm:stomp",
    "tm:stompingtantrum",
    "tm:strength",
    "tm:substitute",
    "tm:sunnyday",
    "tm:surf",
    "tm:tackle",
    "tm:terablast",
    "tm:thunder",
    "tm:thunderbolt",
    "tm:thunderpunch",
    "tm:thunderwave",
    "tm:wakeupslap",
    "tm:waterpulse",
    "tm:whirlpool",
    "tm:workup",
    "tm:zenheadbutt"
  ]
}