{
  "target": "cobblemon:sunflora",
  "primaryType": "grass",
  "secondaryType": "fire",
  "baseStats": {
    "hp": 95,
    "attack": 75,
    "defence": 55,
    "special_attack": 135,
    "special_defence": 85,
    "speed": 55
  },
  "moves": [
    "1:flameburst",
    "1:flowershield",
    "1:growth",
    "1:pound",
    "1:tackle",
    "4:ingrain",
    "7:absorb",
    "7:grasswhistle",
    "10:megadrain",
    "13:leechseed",
    "16:razorleaf",
    "19:worryseed",
    "22:gigadrain",
    "25:bulletseed",
    "28:petaldance",
    "31:naturalgift",
    "31:solarbeam",
    "34:doubleedge",
    "39:sunnyday",
    "43:leafstorm",
    "50:petalblizzard",
    "50:seedflare",
    "60:fierydance",
    "tm:overheat",
    "tm:flamethrower",
    "tm:fireblast",
    "tm:mysticalfire",
    "tm:attract",
    "tm:bulletseed",
    "tm:captivate",
    "tm:confide",
    "tm:curse",
    "tm:cut",
    "tm:dazzlinggleam",
    "tm:doubleedge",
    "tm:doubleteam",
    "tm:earthpower",
    "tm:encore",
    "tm:endeavor",
    "tm:endure",
    "tm:energyball",
    "tm:facade",
    "tm:flash",
    "tm:frustration",
    "tm:gigadrain",
    "tm:gigaimpact",
    "tm:grassknot",
    "tm:grassyglide",
    "tm:grassyterrain",
    "tm:helpinghand",
    "tm:hiddenpower",
    "tm:hyperbeam",
    "tm:leafstorm",
    "tm:lightscreen",
    "tm:magicalleaf",
    "tm:naturalgift",
    "tm:naturepower",
    "tm:petalblizzard",
    "tm:protect",
    "tm:raindance",
    "tm:rest",
    "tm:return",
    "tm:round",
    "tm:safeguard",
    "tm:secretpower",
    "tm:seedbomb",
    "tm:sleeptalk",
    "tm:sludgebomb",
    "tm:solarbeam",
    "tm:substitute",
    "tm:sunnyday",
    "tm:swagger",
    "tm:swordsdance",
    "tm:takedown",
    "tm:terablast",
    "tm:toxic",
    "tm:trailblaze",
    "tm:weatherball",
    "tutor:absorb",
    "tutor:afteryou",
    "tutor:attract",
    "tutor:curse",
    "tutor:cut",
    "tutor:doubleedge",
    "tutor:doubleteam",
    "tutor:earthpower",
    "tutor:endeavor",
    "tutor:endure",
    "tutor:flash",
    "tutor:frustration",
    "tutor:gigadrain",
    "tutor:growth",
    "tutor:helpinghand",
    "tutor:hiddenpower",
    "tutor:hyperbeam",
    "tutor:mimic",
    "tutor:petaldance",
    "tutor:pound",
    "tutor:protect",
    "tutor:razorleaf",
    "tutor:rest",
    "tutor:return",
    "tutor:seedbomb",
    "tutor:sleeptalk",
    "tutor:sludgebomb",
    "tutor:snore",
    "tutor:solarbeam",
    "tutor:substitute",
    "tutor:sunnyday",
    "tutor:swagger",
    "tutor:sweetscent",
    "tutor:swordsdance",
    "tutor:synthesis",
    "tutor:toxic",
    "tutor:uproar",
    "tutor:worryseed"
  ]
}