{
  "target": "cobblemon:sunkern",
  "abilities": [
    "chlorophyll",
    "solarpower",
    "h:harvest"
  ],
  "baseStats": {
    "hp": 30,
    "attack": 30,
    "defence": 30,
    "special_attack": 30,
    "special_defence": 50,
    "speed": 45
  },
  "moves": [
    "1:growth",
    "1:grasswhistle",
    "1:tackle",
    "3:leachseed",
    "5:aromatherapy",
    "7:absorb",
    "10:megadrain",
    "16:razorleaf",
    "19:worryseed",
    "22:gigadrain",
    "25:endeavor",
    "28:synthesis",
    "31:naturalgift",
    "34:doubleedge",
    "36:sunnyday",
    "39:seedbomb",
    "egg:bide",
    "egg:curse",
    "egg:encore",
    "egg:grasswhistle",
    "egg:grassyterrain",
    "egg:ingrain",
    "egg:leechseed",
    "egg:morningsun",
    "egg:naturalgift",
    "egg:sweetscent",
    "tm:afteryou",
    "tm:bulletseed",
    "tm:curse",
    "tm:cut",
    "tm:doubleedge",
    "tm:earthpower",
    "tm:encore",
    "tm:endeavor",
    "tm:endure",
    "tm:energyball",
    "tm:facade",
    "tm:flash",
    "tm:gigadrain",
    "tm:grassknot",
    "tm:grassyterrain",
    "tm:helpinghand",
    "tm:leafstorm",
    "tm:lightscreen",
    "tm:magicalleaf",
    "tm:naturalgift",
    "tm:naturepower",
    "tm:protect",
    "tm:raindance",
    "tm:rest",
    "tm:safeguard",
    "tm:seedbomb",
    "tm:sleeptalk",
    "tm:solarbeam",
    "tm:substitute",
    "tm:sunnyday",
    "tm:synthesis",
    "tm:takedown",
    "tm:terablast",
    "tm:trailblaze",
    "tm:weatherball",
    "tm:worryseed",
    "tutor:afteryou",
    "tutor:earthpower",
    "tutor:endeavor",
    "tutor:energyball",
    "tutor:gigadrain",
    "tutor:helpinghand",
    "tutor:magicalleaf",
    "tutor:rest",
    "tutor:seedbomb",
    "tutor:sleeptalk",
    "tutor:synthesis",
    "tutor:worryseed"
  ]
}