{
  "target": "cobblemon:solrock",
  "baseStats": {
    "attack": 105,
    "speed": 90
  },
  "moves": [
    "1:tackle",
    "1:harden",
    "1:confusion",
    "1:rockthrow",
    "1:psywave",
    "1:healblock",
    "1:flareblitz",
    "1:morningsun",
    "5:hypnosis",
    "10:rockpolish",
    "15:rockslide",
    "20:zenheadbutt",
    "25:cosmicpower",
    "30:psychic",
    "35:stoneedge",
    "41:photongeyser",
    "45:wonderroom",
    "50:explosion",
    "tm:acrobatics",
    "tm:allyswitch",
    "tm:ancientpower",
    "tm:batonpass",
    "tm:bodyslam",
    "tm:bulldoze",
    "tm:calmmind",
    "tm:chargebeam",
    "tm:confusion",
    "tm:cosmicpower",
    "tm:dreameater",
    "tm:earthpower",
    "tm:earthquake",
    "tm:embargo",
    "tm:endure",
    "tm:explosion",
    "tm:facade",
    "tm:fireblast",
    "tm:firespin",
    "tm:flamethrower",
    "tm:flareblitz",
    "tm:flash",
    "tm:gigaimpact",
    "tm:grassknot",
    "tm:gravity",
    "tm:gyroball",
    "tm:harden",
    "tm:healblock",
    "tm:heatwave",
    "tm:helpinghand",
    "tm:hyperbeam",
    "tm:hypnosis",
    "tm:incinerate",
    "tm:irondefense",
    "tm:ironhead",
    "tm:laserfocus",
    "tm:lightscreen",
    "tm:magiccoat",
    "tm:meteorbeam",
    "tm:morningsun",
    "tm:overheat",
    "tm:painsplit",
    "tm:powerswap",
    "tm:protect",
    "tm:psychic",
    "tm:psychicterrain",
    "tm:psychup",
    "tm:psyshock",
    "tm:psywave",
    "tm:raindance",
    "tm:recycle",
    "tm:reflect",
    "tm:rest",
    "tm:rockblast",
    "tm:rockpolish",
    "tm:rockslide",
    "tm:rockthrow",
    "tm:rocktomb",
    "tm:rollout",
    "tm:safeguard",
    "tm:sandstorm",
    "tm:sandtomb",
    "tm:selfdestruct",
    "tm:shadowball",
    "tm:signalbeam",
    "tm:skillswap",
    "tm:sleeptalk",
    "tm:smackdown",
    "tm:solarbeam",
    "tm:stealthrock",
    "tm:stompingtantrum",
    "tm:stoneedge",
    "tm:storedpower",
    "tm:substitute",
    "tm:sunnyday",
    "tm:swift",
    "tm:swordsdance",
    "tm:tackle",
    "tm:telekinesis",
    "tm:terablast",
    "tm:trickroom",
    "tm:weatherball",
    "tm:willowisp",
    "tm:wonderroom",
    "tm:zenheadbutt"
  ]
}