{
  "target": "cobblemon:mimikyu",
  "baseStats": {
    "attack": 95,
    "speed": 105
  },
  "moves": [
    "1:nuzzle",
    "1:astonish",
    "1:copycat",
    "1:scratch",
    "1:splash",
    "1:woodhammer",
    "6:shadowsneak",
    "12:doubleteam",
    "18:babydolleyes",
    "23:feintattack",
    "24:mimic",
    "30:honeclaws",
    "36:slash",
    "42:shadowclaw",
    "48:charm",
    "54:playrough",
    "60:painsplit",
    "70:spectralthief",
    "egg:curse",
    "egg:destinybond",
    "egg:grudge",
    "egg:nightmare",
    "tm:attract",
    "tm:beatup",
    "tm:bulkup",
    "tm:burningjealousy",
    "tm:chargebeam",
    "tm:charm",
    "tm:confide",
    "tm:confuseray",
    "tm:curse",
    "tm:darkpulse",
    "tm:dazzlinggleam",
    "tm:doubleteam",
    "tm:drainingkiss",
    "tm:drainpunch",
    "tm:dreameater",
    "tm:embargo",
    "tm:endure",
    "tm:facade",
    "tm:fling",
    "tm:frustration",
    "tm:gigadrain",
    "tm:gigaimpact",
    "tm:hex",
    "tm:hiddenpower",
    "tm:hyperbeam",
    "tm:infestation",
    "tm:leechlife",
    "tm:lightscreen",
    "tm:magicroom",
    "tm:mistyterrain",
    "tm:nightshade",
    "tm:payback",
    "tm:painsplit",
    "tm:phantomforce",
    "tm:playrough",
    "tm:pounce",
    "tm:protect",
    "tm:psychic",
    "tm:psychup",
    "tm:raindance",
    "tm:rest",
    "tm:return",
    "tm:round",
    "tm:safeguard",
    "tm:screech",
    "tm:shadowball",
    "tm:shadowclaw",
    "tm:sleeptalk",
    "tm:snore",
    "tm:spite",
    "tm:substitute",
    "tm:sunnyday",
    "tm:swagger",
    "tm:swordsdance",
    "tm:takedown",
    "tm:taunt",
    "tm:terablast",
    "tm:thief",
    "tm:thunder",
    "tm:thunderbolt",
    "tm:thunderwave",
    "tm:toxic",
    "tm:trailblaze",
    "tm:trick",
    "tm:trickroom",
    "tm:willowisp",
    "tm:workup",
    "tm:xscissor",
    "tutor:afteryou",
    "tutor:astonish",
    "tutor:babydolleyes",
    "tutor:burningjealousy",
    "tutor:copycat",
    "tutor:covet",
    "tutor:drainpunch",
    "tutor:gigadrain",
    "tutor:lastresort",
    "tutor:magicroom",
    "tutor:mimic",
    "tutor:painsplit",
    "tutor:playrough",
    "tutor:snatch",
    "tutor:snore",
    "tutor:spite",
    "tutor:splash",
    "tutor:substitute",
    "tutor:telekinesis",
    "tutor:trick"
  ]
}