{
    "target": "cobblemon:dhelmise",
    "abilities": [
        "steelworker",
        "steelyspirit",
        "h:gooey"
    ],
    "baseStats": {
        "hp": 80,
        "attack": 131,
        "defence": 100,
        "special_attack": 86,
        "special_defence": 100,
        "speed": 40
     },
    "moves": [
        "1:absorb",
        "1:rapidspin",
        "4:astonish",
        "8:wrap",
        "12:megadrain",
        "16:growth",
        "20:gyroball",
        "24:switcheroo",
        "28:gigadrain",
        "32:whirlpool",
        "36:heavyslam",
        "40:slam",
        "44:shadowball",
        "48:metalsound",
        "52:anchorshot",
        "54:spiritshackle",
        "56:energyball",
        "60:phantomforce",
        "64:powerwhip",
        "tm:aerialace",
        "tm:allyswitch",
        "tm:assurance",
        "tm:block",
        "tm:bodypress",
        "tm:brickbreak",
        "tm:brine",
        "tm:brutalswing",
        "tm:bulldoze",
        "tm:earthquake",
        "tm:embargo",
        "tm:endure",
        "tm:energyball",
        "tm:facade",
        "tm:flashcannon",
        "tm:gigadrain",
        "tm:gigaimpact",
        "tm:grassknot",
        "tm:grassyglide",
        "tm:gyroball",
        "tm:heavyslam",
        "tm:helpinghand",
        "tm:hex",
        "tm:hydropump",
        "tm:hyperbeam",
        "tm:irondefense",
        "tm:ironhead",
        "tm:knockoff",
        "tm:liquidation",
        "tm:metalsound",
        "tm:muddywater",
        "tm:painsplit",
        "tm:payback",
        "tm:phantomforce",
        "tm:poltergeist",
        "tm:powerwhip",
        "tm:protect",
        "tm:raindance",
        "tm:rest",
        "tm:rockslide",
        "tm:roleplay",
        "tm:shadowball",
        "tm:shadowclaw",
        "tm:sleeptalk",
        "tm:sludgewave",
        "tm:solarbeam",
        "tm:solarblade",
        "tm:spite",
        "tm:steelroller",
        "tm:substitute",
        "tm:sunnyday",
        "tm:surf",
        "tm:swordsdance",
        "tm:synthesis",
        "tm:telekinesis",
        "tm:terablast",
        "tm:thief",
        "tm:whirlpool",
        "tutor:aerialace",
        "tutor:allyswitch",
        "tutor:block",
        "tutor:bulldoze",
        "tutor:energyball",
        "tutor:flashcannon",
        "tutor:gigadrain",
        "tutor:gigaimpact",
        "tutor:grassyglide",
        "tutor:helpinghand",
        "tutor:hyperbeam",
        "tutor:irondefense",
        "tutor:ironhead",
        "tutor:knockoff",
        "tutor:liquidation",
        "tutor:painsplit",
        "tutor:poltergeist",
        "tutor:rest",
        "tutor:rockslide",
        "tutor:roleplay",
        "tutor:shadowball",
        "tutor:shadowclaw",
        "tutor:sleeptalk",
        "tutor:spite",
        "tutor:steelroller",
        "tutor:synthesis",
        "tutor:telekinesis"
    ]
}