{
    "target": "cobblemon:flareon",
    "abilities": [
    "flashfire",
    "guts",
    "h:drought"
    ],
    "baseStats": {
        "hp": 65,
        "attack": 130,
        "defence": 70,
        "special_attack": 65,
        "special_defence": 400,
        "speed": 95
    },
    "moves": [
        "1:tailwhip",
        "1:tackle",
        "1:helpinghand",
        "1:ember",
        "1:swift",
        "1:covet",
        "1:copycat",
        "1:batonpass",
        "1:takedown",
        "1:charm",
        "1:doubleedge",
        "1:growl",
        "1:trumpcard",
        "1:refresh",
        "5:sandattack",
        "10:quickattack",
        "15:babydolleyes",
        "20:smog",
        "25:bite",
        "30:firefang",
        "35:firespin",
        "40:lavaplume",
        "45:scaryface",
        "50:flareblitz",
        "55:lastresort",
        "egg:captivate",
        "egg:curse",
        "egg:detect",
        "egg:doublekick",
        "egg:flail",
        "egg:mudslap",
        "egg:naturalgift",
        "egg:synchronoise",
        "egg:tickle",
        "egg:wish",
        "egg:yawn",
        "tm:followme",
        "tm:alluringvoice",
        "tm:babydolleyes",
        "tm:batonpass",
        "tm:bodyslam",
        "tm:burningjealousy",
        "tm:calmmind",
        "tm:captivate",
        "tm:charm",
        "tm:covet",
        "tm:curse",
        "tm:dig",
        "tm:doubleedge",
        "tm:echoedvoice",
        "tm:endeavor",
        "tm:endure",
        "tm:facade",
        "tm:faketears",
        "tm:fireblast",
        "tm:firefang",
        "tm:firespin",
        "tm:flamecharge",
        "tm:flamethrower",
        "tm:flareblitz",
        "tm:focusenergy",
        "tm:gigaimpact",
        "tm:headbutt",
        "tm:healbell",
        "tm:heatwave",
        "tm:helpinghand",
        "tm:hyperbeam",
        "tm:hypervoice",
        "tm:incinerate",
        "tm:irontail",
        "tm:laserfocus",
        "tm:lastresort",
        "tm:mudslap",
        "tm:mysticalfire",
        "tm:naturalgift",
        "tm:overheat",
        "tm:payday",
        "tm:powershift",
        "tm:protect",
        "tm:raindance",
        "tm:rest",
        "tm:retaliate",
        "tm:roar",
        "tm:rocksmash",
        "tm:scaryface",
        "tm:scorchingsands",
        "tm:shadowball",
        "tm:sleeptalk",
        "tm:storedpower",
        "tm:strength",
        "tm:substitute",
        "tm:sunnyday",
        "tm:superpower",
        "tm:swift",
        "tm:takedown",
        "tm:temperflare",
        "tm:terablast",
        "tm:trailblaze",
        "tm:weatherball",
        "tm:willowisp",
        "tm:workup",
        "tutor:babydolleyes",
        "tutor:burningjealousy",
        "tutor:calmmind",
        "tutor:covet",
        "tutor:endeavor",
        "tutor:firefang",
        "tutor:flamethrower",
        "tutor:focusenergy",
        "tutor:gigaimpact",
        "tutor:healbell",
        "tutor:heatwave",
        "tutor:helpinghand",
        "tutor:hyperbeam",
        "tutor:hypervoice",
        "tutor:irontail",
        "tutor:laserfocus",
        "tutor:lastresort",
        "tutor:mudslap",
        "tutor:mysticalfire",
        "tutor:powershift",
        "tutor:rest",
        "tutor:rocksmash",
        "tutor:scorchingsands",
        "tutor:shadowball",
        "tutor:sleeptalk",
        "tutor:superpower",
        "tutor:swift"
    ]
}