{
 "target": "cobblemon:persian",
 "baseStats": {
    "attack": 80,
	"special_attack": 95
  },
  "moves": [
        "1:fakeout",
        "1:feint",
        "1:growl",
        "1:quash",
        "1:scratch",
        "1:swift",
        "1:switcheroo",
        "12:payday",
        "16:bite",
        "20:taunt",
        "22:feintattack",
        "24:assurance",
        "31:furyswipes",
        "32:powergem",
        "36:screech",
        "37:slash",
        "42:nightslash",
        "48:nastyplot",
        "54:playrough",
        "56:captivate",
        "69:darkpulse",
		"tm:surf",
		"tm:dazzlinggleam",
        "tm:aerialace",
        "tm:agility",
        "tm:amnesia",
        "tm:assurance",
        "tm:attract",
        "tm:beatup",
        "tm:bodyslam",
        "tm:burningjealousy",
        "tm:charm",
        "tm:chillingwater",
        "tm:confide",
        "tm:confuseray",
        "tm:curse",
        "tm:darkpulse",
        "tm:dig",
        "tm:doubleedge",
        "tm:doubleteam",
        "tm:dreameater",
        "tm:echoedvoice",
        "tm:embargo",
        "tm:endeavor",
        "tm:endure",
        "tm:facade",
        "tm:faketears",
        "tm:foulplay",
        "tm:frustration",
        "tm:gigaimpact",
        "tm:gunkshot",
        "tm:helpinghand",
        "tm:hiddenpower",
        "tm:hyperbeam",
        "tm:hypervoice",
        "tm:icywind",
        "tm:irontail",
        "tm:knockoff",
        "tm:lashout",
        "tm:metalclaw",
        "tm:nastyplot",
        "tm:payback",
        "tm:payday",
        "tm:playrough",
        "tm:powergem",
        "tm:protect",
        "tm:psychup",
        "tm:quash",
        "tm:raindance",
        "tm:rest",
        "tm:retaliate",
        "tm:return",
        "tm:roar",
        "tm:round",
        "tm:screech",
        "tm:seedbomb",
        "tm:shadowball",
        "tm:shadowclaw",
        "tm:skittersmack",
        "tm:sleeptalk",
        "tm:smackdown",
        "tm:snarl",
        "tm:snore",
        "tm:spite",
        "tm:substitute",
        "tm:sunnyday",
        "tm:swagger",
        "tm:swift",
        "tm:takedown",
        "tm:taunt",
        "tm:terablast",
        "tm:thief",
        "tm:throatchop",
        "tm:thunder",
        "tm:thunderbolt",
        "tm:thunderwave",
        "tm:torment",
        "tm:toxic",
        "tm:trailblaze",
        "tm:uproar",
        "tm:uturn",
        "tm:workup",
        "tutor:amnesia",
        "tutor:bite",
        "tutor:burningjealousy",
        "tutor:covet",
        "tutor:darkpulse",
        "tutor:dreameater",
        "tutor:facade",
        "tutor:fakeout",
        "tutor:feint",
        "tutor:foulplay",
        "tutor:furyswipes",
        "tutor:growl",
        "tutor:gunkshot",
        "tutor:headbutt",
        "tutor:hyperbeam",
        "tutor:hypervoice",
        "tutor:hypnosis",
        "tutor:icywind",
        "tutor:irontail",
        "tutor:knockoff",
        "tutor:lashout",
        "tutor:lastresort",
        "tutor:nastyplot",
        "tutor:payday",
        "tutor:playrough",
        "tutor:protect",
        "tutor:rest",
        "tutor:scratch",
        "tutor:screech",
        "tutor:seedbomb",
        "tutor:shadowball",
        "tutor:shockwave",
        "tutor:skittersmack",
        "tutor:slash",
        "tutor:snatch",
        "tutor:snore",
        "tutor:spite",
        "tutor:substitute",
        "tutor:swift",
        "tutor:taunt",
        "tutor:throatchop",
        "tutor:thunder",
        "tutor:thunderbolt",
        "tutor:toxic",
        "tutor:uproar",
        "tutor:uturn",
        "tutor:waterpulse"
      ]
}