{
 "target": "cobblemon:sigilyph",
 "baseStats": {
	"special_attack": 113,
	"speed": 107
  },
"moves": [
    "1:gust",
    "1:miracleeye",
    "1:psywave",
    "1:synchronoise",
    "1:mirrormove",
    "1:confusion",
	"1:esperwing:",
    "5:gravity",
    "10:hypnosis",
    "15:aircutter",
    "20:psybeam",
    "25:whirlwind",
    "30:cosmicpower",
    "35:airslash",
    "40:psychic",
    "45:tailwind",
    "50:lightscreen",
    "50:reflect",
    "55:skyattack",
    "60:skillswap",
    "egg:ancientpower",
    "egg:psychoshift",
    "egg:roost",
	"tm:hurricane",
    "tm:aerialace",
    "tm:aircutter",
    "tm:airslash",
    "tm:ancientpower",
    "tm:calmmind",
    "tm:chargebeam",
    "tm:cosmicpower",
    "tm:darkpulse",
    "tm:dazzlinggleam",
    "tm:defog",
    "tm:dreameater",
    "tm:dualwingbeat",
    "tm:endure",
    "tm:energyball",
    "tm:expandingforce",
    "tm:facade",
    "tm:flash",
    "tm:flashcannon",
    "tm:fly",
    "tm:futuresight",
    "tm:gigaimpact",
    "tm:gravity",
    "tm:heatwave",
    "tm:hyperbeam",
    "tm:icebeam",
    "tm:icywind",
    "tm:imprison",
    "tm:lightscreen",
    "tm:magiccoat",
    "tm:magicroom",
    "tm:pluck",
    "tm:powerswap",
    "tm:protect",
    "tm:psybeam",
    "tm:psychic",
    "tm:psychocut",
    "tm:psychup",
    "tm:psyshock",
    "tm:raindance",
    "tm:reflect",
    "tm:rest",
    "tm:roost",
    "tm:safeguard",
    "tm:shadowball",
    "tm:shockwave",
    "tm:signalbeam",
    "tm:skillswap",
    "tm:skyattack",
    "tm:sleeptalk",
    "tm:smackdown",
    "tm:solarbeam",
    "tm:speedswap",
    "tm:steelwing",
    "tm:storedpower",
    "tm:substitute",
    "tm:swift",
    "tm:tailwind",
    "tm:telekinesis",
    "tm:terablast",
    "tm:thief",
    "tm:thunderwave",
    "tm:trick",
    "tm:trickroom",
    "tm:zenheadbutt",
    "tutor:aerialace",
    "tutor:aircutter",
    "tutor:ancientpower",
    "tutor:calmmind",
    "tutor:chargebeam",
    "tutor:darkpulse",
    "tutor:dazzlinggleam",
    "tutor:defog",
    "tutor:dualwingbeat",
    "tutor:energyball",
    "tutor:expandingforce",
    "tutor:flashcannon",
    "tutor:gigaimpact",
    "tutor:gravity",
    "tutor:heatwave",
    "tutor:hyperbeam",
    "tutor:icebeam",
    "tutor:icywind",
    "tutor:magiccoat",
    "tutor:magicroom",
    "tutor:psychic",
    "tutor:psychocut",
    "tutor:rest",
    "tutor:roost",
    "tutor:shadowball",
    "tutor:shockwave",
    "tutor:signalbeam",
    "tutor:skillswap",
    "tutor:skyattack",
    "tutor:sleeptalk",
    "tutor:swift",
    "tutor:tailwind",
    "tutor:telekinesis",
    "tutor:trick",
    "tutor:zenheadbutt"
  ]

}