{
  "target": "cobblemon:beedrill",
  "baseStats": {
    "hp": 123,
    "attack": 100,
    "defence": 72,
    "special_attack": 67,
    "special_defence": 91,
    "speed": 74
  },
  "moves": [
    "1:aerialace",
    "1:tackle",
    "1:growth",
    "1:vinewhip",
    "1:tailwhip",
    "1:earthquake",
    "12:leechseed",
    "13:razorleaf",
    "16:worryseed",
    "18:bulletseed",
    "20:synthesis",
    "22:takedown",
    "26:bulldoze",
    "30:seedbomb",
    "34:bulkup",
    "40:doubleedge",
    "47:hornleech",
    "55:leafblade",
    "58:milkdrink",
    "egg:defensecurl",
    "egg:grassyterrain",
    "egg:milkdrink",
    "egg:rollout",
    "tm:aerialace",
    "tm:bodyslam",
    "tm:brickbreak",
    "tm:bulkup",
    "tm:bulldoze",
    "tm:bulletseed",
    "tm:dig",
    "tm:doubleedge",
    "tm:earthquake",
    "tm:endeavor",
    "tm:endure",
    "tm:energyball",
    "tm:facade",
    "tm:gigadrain",
    "tm:gigaimpact",
    "tm:grassknot",
    "tm:grassyglide",
    "tm:grassyterrain",
    "tm:helpinghand",
    "tm:highhorsepower",
    "tm:hyperbeam",
    "tm:irontail",
    "tm:leafblade",
    "tm:leafstorm",
    "tm:magicalleaf",
    "tm:mudshot",
    "tm:mudslap",
    "tm:naturepower",
    "tm:payback",
    "tm:playrough",
    "tm:protect",
    "tm:raindance",
    "tm:rest",
    "tm:retaliate",
    "tm:roar",
    "tm:rockslide",
    "tm:rocksmash",
    "tm:rollout",
    "tm:seedbomb",
    "tm:sleeptalk",
    "tm:solarbeam",
    "tm:stompingtantrum",
    "tm:strength",
    "tm:substitute",
    "tm:sunnyday",
    "tm:superpower",
    "tm:surf",
    "tm:synthesis",
    "tm:takedown",
    "tm:terablast",
    "tm:throatchop",
    "tm:trailblaze",
    "tm:wildcharge",
    "tm:workup",
    "tm:worryseed",
    "tm:zenheadbutt",
    "tutor:aerialace",
    "tutor:bulkup",
    "tutor:bulldoze",
    "tutor:endeavor",
    "tutor:energyball",
    "tutor:gigadrain",
    "tutor:gigaimpact",
    "tutor:grassyglide",
    "tutor:helpinghand",
    "tutor:highhorsepower",
    "tutor:hyperbeam",
    "tutor:irontail",
    "tutor:magicalleaf",
    "tutor:mudslap",
    "tutor:playrough",
    "tutor:rest",
    "tutor:rockslide",
    "tutor:rocksmash",
    "tutor:rollout",
    "tutor:seedbomb",
    "tutor:sleeptalk",
    "tutor:stompingtantrum",
    "tutor:superpower",
    "tutor:synthesis",
    "tutor:throatchop",
    "tutor:wildcharge",
    "tutor:worryseed",
    "tutor:zenheadbutt"
  ]
}