{
    "target": "cobblemon:lunatone",
    "baseStats": {
        "hp": 90,
        "attack": 55,
        "defence": 65,
        "special_attack": 105,
        "special_defence": 85,
        "speed": 90
    },
    "moves": [
        "1:tackle",
        "1:harden",
        "1:confusion",
        "1:rockthrow",
        "1:psywave",
        "1:healblock",
        "1:moonblast",
        "1:moonlight",
        "5:hypnosis",
        "10:rockpolish",
        "15:rockslide",
        "20:psyshock",
        "25:cosmicpower",
        "30:psychic",
        "35:stoneedge",
        "40:futuresight",
        "45:photongeyser",
        "45:magicroom",
        "50:explosion",
        "tm:acrobatics",
        "tm:allyswitch",
        "tm:ancientpower",
        "tm:batonpass",
        "tm:blizzard",
        "tm:bodyslam",
        "tm:bulldoze",
        "tm:calmmind",
        "tm:chargebeam",
        "tm:cosmicpower",
        "tm:dreameater",
        "tm:earthpower",
        "tm:earthquake",
        "tm:embargo",
        "tm:endure",
        "tm:explosion",
        "tm:facade",
        "tm:flash",
        "tm:futuresight",
        "tm:gigaimpact",
        "tm:grassknot",
        "tm:gravity",
        "tm:gyroball",
        "tm:hail",
        "tm:helpinghand",
        "tm:hyperbeam",
        "tm:icebeam",
        "tm:icywind",
        "tm:ironhead",
        "tm:laserfocus",
        "tm:lightscreen",
        "tm:magiccoat",
        "tm:magicroom",
        "tm:meteorbeam",
        "tm:nastyplot",
        "tm:painsplit",
        "tm:powergem",
        "tm:powerswap",
        "tm:protect",
        "tm:psychic",
        "tm:psychicterrain",
        "tm:psychup",
        "tm:psyshock",
        "tm:raindance",
        "tm:recycle",
        "tm:reflect",
        "tm:rest",
        "tm:rockblast",
        "tm:rockpolish",
        "tm:rockslide",
        "tm:rocktomb",
        "tm:rollout",
        "tm:safeguard",
        "tm:sandstorm",
        "tm:sandtomb",
        "tm:selfdestruct",
        "tm:shadowball",
        "tm:signalbeam",
        "tm:skillswap",
        "tm:sleeptalk",
        "tm:smackdown",
        "tm:stealthrock",
        "tm:stompingtantrum",
        "tm:stoneedge",
        "tm:storedpower",
        "tm:substitute",
        "tm:swift",
        "tm:telekinesis",
        "tm:terablast",
        "tm:trickroom",
        "tm:weatherball",
        "tm:zenheadbutt",
        "tutor:allyswitch",
        "tutor:ancientpower",
        "tutor:block",
        "tutor:bulldoze",
        "tutor:calmmind",
        "tutor:chargebeam",
        "tutor:earthpower",
        "tutor:gigaimpact",
        "tutor:gravity",
        "tutor:helpinghand",
        "tutor:hyperbeam",
        "tutor:icebeam",
        "tutor:icywind",
        "tutor:ironhead",
        "tutor:laserfocus",
        "tutor:magiccoat",
        "tutor:magicroom",
        "tutor:meteorbeam",
        "tutor:painsplit",
        "tutor:psychic",
        "tutor:recycle",
        "tutor:rest",
        "tutor:rockslide",
        "tutor:rollout",
        "tutor:shadowball",
        "tutor:signalbeam",
        "tutor:skillswap",
        "tutor:sleeptalk",
        "tutor:stealthrock",
        "tutor:stompingtantrum",
        "tutor:stoneedge",
        "tutor:swift",
        "tutor:telekinesis",
        "tutor:trick",
        "tutor:zenheadbutt"
    ]
}