{
 "target": "cobblemon:sceptile",
 "primaryType": "grass",
 "secondaryType": "dragon",
 "baseStats": {
    "attack": 105,
    "special_attack": 85,
	"speed": 90
  },
  "moves": [
    "1:breakingswipe",
	"1:absorb",
    "1:dualchop",
    "1:energyball",
    "1:falseswipe",
    "1:furycutter",
    "1:leafage",
    "1:leer",
    "1:nightslash",
    "1:pound",
    "1:quickattack",
    "1:shedtail",
    "1:xscissor",
    "5:megadrain",
    "12:detect",
    "15:quickguard",
    "18:pursuit",
    "20:assurance",
    "25:gigadrain",
    "28:agility",
    "30:slam",
    "35:doubleteam",
    "42:leafblade",
    "42:screech",
    "49:endeavor",
    "56:leafstorm",
	"69:dualchop",
	"tm:fakeout",
	"tm:scaleshot",
	"tm:dracobarrage",
    "tm:acrobatics",
    "tm:aerialace",
    "tm:agility",
    "tm:assurance",
    "tm:attract",
    "tm:bodyslam",
    "tm:breakingswipe",
    "tm:brickbreak",
    "tm:brutalswing",
    "tm:bulldoze",
    "tm:bulletseed",
    "tm:captivate",
    "tm:confide",
    "tm:crosspoison",
    "tm:crunch",
    "tm:cut",
    "tm:dig",
    "tm:doubleedge",
    "tm:doubleteam",
    "tm:dragoncheer",
    "tm:dragonclaw",
    "tm:dragondance",
    "tm:dragonpulse",
    "tm:dragontail",
    "tm:drainpunch",
    "tm:earthquake",
    "tm:endeavor",
    "tm:endure",
    "tm:energyball",
    "tm:facade",
    "tm:falseswipe",
    "tm:flash",
    "tm:fling",
    "tm:focusblast",
    "tm:focuspunch",
    "tm:frenzyplant",
    "tm:frustration",
    "tm:gigadrain",
    "tm:gigaimpact",
    "tm:grassknot",
    "tm:grasspledge",
    "tm:grassyglide",
    "tm:grassyterrain",
    "tm:helpinghand",
    "tm:hiddenpower",
    "tm:honeclaws",
    "tm:hyperbeam",
    "tm:irontail",
    "tm:leafblade",
    "tm:leafstorm",
    "tm:lowkick",
    "tm:lowsweep",
    "tm:magicalleaf",
    "tm:megakick",
    "tm:megapunch",
    "tm:naturalgift",
    "tm:naturepower",
    "tm:outrage",
    "tm:poweruppunch",
    "tm:protect",
    "tm:rest",
    "tm:return",
    "tm:roar",
    "tm:rockclimb",
    "tm:rockslide",
    "tm:rocksmash",
    "tm:rocktomb",
    "tm:round",
    "tm:safeguard",
    "tm:scaleshot",
    "tm:screech",
    "tm:secretpower",
    "tm:seedbomb",
    "tm:sleeptalk",
    "tm:snore",
    "tm:solarbeam",
    "tm:solarblade",
    "tm:strength",
    "tm:substitute",
    "tm:sunnyday",
    "tm:swagger",
    "tm:swift",
    "tm:swordsdance",
    "tm:takedown",
    "tm:terablast",
    "tm:thief",
    "tm:throatchop",
    "tm:thunderpunch",
    "tm:toxic",
    "tm:trailblaze",
    "tm:upperhand",
    "tm:vacuumwave",
    "tm:workup",
    "tm:xscissor",
    "tutor:bodyslam",
    "tutor:counter",
    "tutor:doubleedge",
    "tutor:dragonpulse",
    "tutor:drainpunch",
    "tutor:dualchop",
    "tutor:dynamicpunch",
    "tutor:endeavor",
    "tutor:endure",
    "tutor:focusblast",
    "tutor:focuspunch",
    "tutor:frenzyplant",
    "tutor:furycutter",
    "tutor:gigadrain",
    "tutor:grasspledge",
    "tutor:grassyglide",
    "tutor:headbutt",
    "tutor:irontail",
    "tutor:laserfocus",
    "tutor:leafstorm",
    "tutor:lowkick",
    "tutor:megakick",
    "tutor:megapunch",
    "tutor:mimic",
    "tutor:mudslap",
    "tutor:outrage",
    "tutor:rockslide",
    "tutor:scaleshot",
    "tutor:seedbomb",
    "tutor:seismictoss",
    "tutor:sleeptalk",
    "tutor:snore",
    "tutor:substitute",
    "tutor:swagger",
    "tutor:swift",
    "tutor:swordsdance",
    "tutor:synthesis",
    "tutor:throatchop",
    "tutor:thunderpunch",
    "tutor:worryseed"
  ]
}