{
  "nationalPokedexNumber": 678,
  "name": "Meowstic",
  "primaryType": "psychic",
  "maleRatio": 1,
  "height": 6,
  "weight": 85,
  "pokedex": [
    "cobblemon.species.meowstic.desc"
  ],
  "labels": [
    "gen6"
  ],
  "aspects": [
    "male"
  ],
  "abilities": [
    "keeneye",
    "infiltrator",
    "h:prankster"
  ],
  "eggGroups": [
    "field"
  ],
  "baseStats": {
    "hp": 74,
    "attack": 48,
    "defence": 76,
    "special_attack": 120,
    "special_defence": 81,
    "speed": 104
  },
  "evYield": {
    "hp": 0,
    "attack": 0,
    "defence": 0,
    "special_attack": 0,
    "special_defence": 0,
    "speed": 2
  },
  "baseExperienceYield": 163,
  "experienceGroup": "medium_fast",
  "catchRate": 75,
  "eggCycles": 20,
  "baseFriendship": 50,
  "drops": {
    "amount": 1,
    "entries": [
      {
        "item": "cobblemon:colbur_berry",
        "percentage": 5.0
      }
    ]
  },
  "moves": [
    "1:meanlook",
    "1:scratch",
    "1:leer",
    "1:fakeout",
    "1:disarmingvoice",
    "1:miracleeye",
    "9:confusion",
    "12:helpinghand",
    "15:charm",
    "18:covet",
    "21:psybeam",
    "24:suckerpunch",
    "29:roleplay",
    "34:lightscreen",
    "34:reflect",
    "39:psyshock",
    "44:imprison",
    "49:quickguard",
    "54:psychic",
    "59:mistyterrain",
    "egg:assist",
    "egg:barrier",
    "egg:tickle",
    "egg:yawn",
    "tm:mysticalfire",
    "tm:alluringvoice",
    "tm:allyswitch",
    "tm:batonpass",
    "tm:calmmind",
    "tm:chargebeam",
    "tm:charm",
    "tm:covet",
    "tm:cut",
    "tm:darkpulse",
    "tm:dig",
    "tm:disarmingvoice",
    "tm:dreameater",
    "tm:echoedvoice",
    "tm:endure",
    "tm:energyball",
    "tm:expandingforce",
    "tm:facade",
    "tm:faketears",
    "tm:flash",
    "tm:gigaimpact",
    "tm:gravity",
    "tm:healbell",
    "tm:helpinghand",
    "tm:hyperbeam",
    "tm:imprison",
    "tm:irontail",
    "tm:lightscreen",
    "tm:magiccoat",
    "tm:magicroom",
    "tm:mistyterrain",
    "tm:nastyplot",
    "tm:payback",
    "tm:payday",
    "tm:playrough",
    "tm:poweruppunch",
    "tm:protect",
    "tm:psybeam",
    "tm:psychic",
    "tm:psychicnoise",
    "tm:psychicterrain",
    "tm:psychup",
    "tm:psyshock",
    "tm:raindance",
    "tm:recycle",
    "tm:reflect",
    "tm:rest",
    "tm:roleplay",
    "tm:safeguard",
    "tm:shadowball",
    "tm:shockwave",
    "tm:signalbeam",
    "tm:skillswap",
    "tm:sleeptalk",
    "tm:snatch",
    "tm:storedpower",
    "tm:substitute",
    "tm:suckerpunch",
    "tm:sunnyday",
    "tm:swift",
    "tm:tailslap",
    "tm:telekinesis",
    "tm:terablast",
    "tm:thunderbolt",
    "tm:thunderwave",
    "tm:torment",
    "tm:trailblaze",
    "tm:trick",
    "tm:trickroom",
    "tm:wonderroom",
    "tm:workup",
    "tm:zenheadbutt",
    "tutor:allyswitch",
    "tutor:calmmind",
    "tutor:chargebeam",
    "tutor:covet",
    "tutor:darkpulse",
    "tutor:energyball",
    "tutor:expandingforce",
    "tutor:gigaimpact",
    "tutor:gravity",
    "tutor:healbell",
    "tutor:helpinghand",
    "tutor:hyperbeam",
    "tutor:irontail",
    "tutor:magiccoat",
    "tutor:magicroom",
    "tutor:playrough",
    "tutor:psychic",
    "tutor:recycle",
    "tutor:rest",
    "tutor:roleplay",
    "tutor:shadowball",
    "tutor:shockwave",
    "tutor:signalbeam",
    "tutor:skillswap",
    "tutor:sleeptalk",
    "tutor:snatch",
    "tutor:suckerpunch",
    "tutor:swift",
    "tutor:telekinesis",
    "tutor:thunderbolt",
    "tutor:trick",
    "tutor:wonderroom",
    "tutor:zenheadbutt"
  ],
  "preEvolution": "espurr",
  "evolutions": [],
  "forms": [
    {
      "name": "F",
      "primaryType": "psychic",
      "maleRatio": 0,
      "height": 6,
      "weight": 85,
      "pokedex": [
        "cobblemon.species.meowstic-f.desc"
      ],
      "labels": [
        "gen6"
      ],
      "aspects": [
        "female"
      ],
      "abilities": [
        "keeneye",
        "infiltrator",
        "h:competitive"
      ],
      "moves": [
        "1:mefirst",
        "1:magicalleaf",
        "1:scratch",
        "1:leer",
        "1:fakeout",
        "1:disarmingvoice",
        "9:confusion",
        "12:storedpower",
        "15:chargebeam",
        "18:covet",
        "21:psybeam",
        "24:suckerpunch",
        "29:roleplay",
        "34:lightscreen",
        "34:reflect",
        "39:psyshock",
        "44:extrasensory",
        "49:shadowball",
        "54:psychic",
        "59:futuresight",
        "egg:assist",
        "egg:barrier",
        "egg:tickle",
        "egg:yawn",
        "tm:alluringvoice",
        "tm:allyswitch",
        "tm:batonpass",
        "tm:calmmind",
        "tm:chargebeam",
        "tm:charm",
        "tm:covet",
        "tm:cut",
        "tm:darkpulse",
        "tm:dig",
        "tm:disarmingvoice",
        "tm:dreameater",
        "tm:echoedvoice",
        "tm:endure",
        "tm:energyball",
        "tm:expandingforce",
        "tm:facade",
        "tm:faketears",
        "tm:flash",
        "tm:futuresight",
        "tm:gigaimpact",
        "tm:gravity",
        "tm:healbell",
        "tm:helpinghand",
        "tm:hyperbeam",
        "tm:irontail",
        "tm:lightscreen",
        "tm:magicalleaf",
        "tm:magiccoat",
        "tm:magicroom",
        "tm:nastyplot",
        "tm:payback",
        "tm:payday",
        "tm:playrough",
        "tm:poweruppunch",
        "tm:protect",
        "tm:psybeam",
        "tm:psychic",
        "tm:psychicnoise",
        "tm:psychicterrain",
        "tm:psychup",
        "tm:psyshock",
        "tm:raindance",
        "tm:recycle",
        "tm:reflect",
        "tm:rest",
        "tm:roleplay",
        "tm:safeguard",
        "tm:shadowball",
        "tm:shockwave",
        "tm:signalbeam",
        "tm:skillswap",
        "tm:sleeptalk",
        "tm:snatch",
        "tm:storedpower",
        "tm:substitute",
        "tm:suckerpunch",
        "tm:sunnyday",
        "tm:swift",
        "tm:tailslap",
        "tm:telekinesis",
        "tm:terablast",
        "tm:thunderbolt",
        "tm:thunderwave",
        "tm:torment",
        "tm:trailblaze",
        "tm:trick",
        "tm:trickroom",
        "tm:wonderroom",
        "tm:workup",
        "tm:zenheadbutt",
        "tutor:allyswitch",
        "tutor:calmmind",
        "tutor:chargebeam",
        "tutor:covet",
        "tutor:darkpulse",
        "tutor:energyball",
        "tutor:expandingforce",
        "tutor:gigaimpact",
        "tutor:gravity",
        "tutor:healbell",
        "tutor:helpinghand",
        "tutor:hyperbeam",
        "tutor:irontail",
        "tutor:magicalleaf",
        "tutor:magiccoat",
        "tutor:magicroom",
        "tutor:playrough",
        "tutor:psychic",
        "tutor:recycle",
        "tutor:rest",
        "tutor:roleplay",
        "tutor:shadowball",
        "tutor:shockwave",
        "tutor:signalbeam",
        "tutor:skillswap",
        "tutor:sleeptalk",
        "tutor:snatch",
        "tutor:suckerpunch",
        "tutor:swift",
        "tutor:telekinesis",
        "tutor:thunderbolt",
        "tutor:trick",
        "tutor:wonderroom",
        "tutor:zenheadbutt"
      ],
      "preEvolution": "espurr",
      "evolutions": [],
      "battleOnly": false
    }
  ]
}