{
  "implemented": true,
  "nationalPokedexNumber": 503,
  "name": "Samurott",
  "primaryType": "water",
  "secondaryType": "steel",
  "maleRatio": 0.875,
  "height": 15,
  "weight": 946,
  "pokedex": [
    "cobblemon.species.samurott.desc"
  ],
  "labels": [
    "gen5",
    "unovan_form"
  ],
  "aspects": [],
  "abilities": [
    "torrent",
    "shellarmor",
    "h:sharpness"
  ],
  "eggGroups": [
    "field"
  ],
  "baseStats": {
    "hp": 95,
    "attack": 108,
    "defence": 85,
    "special_attack": 85,
    "special_defence": 70,
    "speed": 90
  },
  "evYield": {
    "hp": 0,
    "attack": 0,
    "defence": 0,
    "special_attack": 3,
    "special_defence": 0,
    "speed": 0
  },
  "baseExperienceYield": 264,
  "experienceGroup": "medium_slow",
  "catchRate": 45,
  "eggCycles": 20,
  "baseFriendship": 50,
  "features": [
    "hisuian"
  ],
  "baseScale": 0.8,
  "hitbox": {
    "width": 1.6,
    "height": 2.2,
    "fixed": false
  },
  "behaviour": {
    "resting": {
      "canSleep": true,
      "light": "0-4"
    },
    "moving": {
      "swim": {
        "canBreatheUnderwater": true
      }
    }
  },
  "drops": {
    "amount": 2,
    "entries": [
      {
        "item": "cobblemon:mystic_water",
        "percentage": 25.0
      },
      {
        "item": "cobblemon:shell_bell",
        "percentage": 25.0
      }
    ]
  },
  "moves": [
    "1:megahorn",
    "1:tackle",
    "1:tailwhip",
    "1:watergun",
    "1:watersport",
    "1:slash",
    "1:soak",
    "13:focusenergy",
    "18:razorshell",
    "21:furycutter",
    "25:waterpulse",
    "29:aerialace",
    "34:aquajet",
    "39:encore",
    "46:aquatail",
    "51:retaliate",
    "56:sacredsword",
    "58:swordsdance",
    "63:hydropump",
    "70:behemothblade",
    "80:shellsmash",
    "egg:airslash",
    "egg:aquacutter",
    "egg:copycat",
    "egg:detect",
    "egg:knockoff",
    "egg:nightslash",
    "egg:sacredsword",
    "egg:screech",
    "egg:trumpcard",
    "tm:tachyoncutter",
    "tm:aerialace",
    "tm:airslash",
    "tm:aquatail",
    "tm:assurance",
    "tm:avalanche",
    "tm:blizzard",
    "tm:block",
    "tm:bodyslam",
    "tm:brickbreak",
    "tm:brine",
    "tm:bulldoze",
    "tm:chillingwater",
    "tm:covet",
    "tm:cut",
    "tm:dig",
    "tm:dive",
    "tm:drillrun",
    "tm:encore",
    "tm:endure",
    "tm:facade",
    "tm:falseswipe",
    "tm:fling",
    "tm:flipturn",
    "tm:focusenergy",
    "tm:furycutter",
    "tm:gigaimpact",
    "tm:grassknot",
    "tm:hail",
    "tm:helpinghand",
    "tm:hydrocannon",
    "tm:hydropump",
    "tm:hyperbeam",
    "tm:icebeam",
    "tm:icywind",
    "tm:irontail",
    "tm:knockoff",
    "tm:liquidation",
    "tm:megahorn",
    "tm:protect",
    "tm:raindance",
    "tm:razorshell",
    "tm:rest",
    "tm:retaliate",
    "tm:revenge",
    "tm:rocksmash",
    "tm:scaryface",
    "tm:screech",
    "tm:sleeptalk",
    "tm:smartstrike",
    "tm:snowscape",
    "tm:strength",
    "tm:substitute",
    "tm:superpower",
    "tm:surf",
    "tm:swift",
    "tm:swordsdance",
    "tm:takedown",
    "tm:taunt",
    "tm:terablast",
    "tm:thief",
    "tm:upperhand",
    "tm:vacuumwave",
    "tm:waterfall",
    "tm:waterpledge",
    "tm:waterpulse",
    "tm:whirlpool",
    "tm:workup",
    "tm:xscissor",
    "tutor:aerialace",
    "tutor:aquatail",
    "tutor:block",
    "tutor:bulldoze",
    "tutor:covet",
    "tutor:dive",
    "tutor:drillrun",
    "tutor:falseswipe",
    "tutor:flipturn",
    "tutor:focusenergy",
    "tutor:furycutter",
    "tutor:gigaimpact",
    "tutor:helpinghand",
    "tutor:hydrocannon",
    "tutor:hyperbeam",
    "tutor:icebeam",
    "tutor:icywind",
    "tutor:irontail",
    "tutor:knockoff",
    "tutor:liquidation",
    "tutor:megahorn",
    "tutor:rest",
    "tutor:rocksmash",
    "tutor:sleeptalk",
    "tutor:superpower",
    "tutor:swift",
    "tutor:vacuumwave",
    "tutor:waterpledge",
    "tutor:waterpulse",
    "tutor:xscissor"
  ],
  "preEvolution": "dewott",
  "evolutions": [],
  "forms": [
    {
      "name": "Hisui",
      "primaryType": "water",
      "secondaryType": "dark",
      "maleRatio": 0.875,
      "height": 15,
      "weight": 582,
      "pokedex": [
        "cobblemon.species.samurott-hisui.desc"
      ],
      "labels": [
        "gen8a",
        "hisuian_form"
      ],
      "aspects": [
        "hisuian"
      ],
      "abilities": [
        "torrent",
        "h:sharpness"
      ],
      "baseStats": {
        "hp": 90,
        "attack": 108,
        "defence": 80,
        "special_attack": 100,
        "special_defence": 65,
        "speed": 85
      },
      "evYield": {
        "hp": 0,
        "attack": 3,
        "defence": 0,
        "special_attack": 0,
        "special_defence": 0,
        "speed": 0
      },
      "baseScale": 0.75,
      "moves": [
        "1:megahorn",
        "1:ceaselessedge",
        "1:slash",
        "1:suckerpunch",
        "1:tailwhip",
        "1:tackle",
        "1:watergun",
        "1:watersport",
        "1:soak",
        "13:focusenergy",
        "18:razorshell",
        "21:furycutter",
        "25:waterpulse",
        "29:aerialace",
        "34:aquajet",
        "39:encore",
        "46:aquatail",
        "51:retaliate",
        "58:swordsdance",
        "63:hydropump",
        "egg:airslash",
        "egg:aquacutter",
        "egg:copycat",
        "egg:detect",
        "egg:knockoff",
        "egg:nightslash",
        "egg:sacredsword",
        "egg:screech",
        "egg:trumpcard",
        "tm:aerialace",
        "tm:airslash",
        "tm:aquatail",
        "tm:avalanche",
        "tm:blizzard",
        "tm:bodyslam",
        "tm:brickbreak",
        "tm:bulldoze",
        "tm:chillingwater",
        "tm:darkpulse",
        "tm:dig",
        "tm:drillrun",
        "tm:encore",
        "tm:endure",
        "tm:facade",
        "tm:falseswipe",
        "tm:fling",
        "tm:flipturn",
        "tm:focusenergy",
        "tm:furycutter",
        "tm:gigaimpact",
        "tm:grassknot",
        "tm:helpinghand",
        "tm:hydrocannon",
        "tm:hydropump",
        "tm:hyperbeam",
        "tm:icebeam",
        "tm:icywind",
        "tm:irontail",
        "tm:knockoff",
        "tm:lashout",
        "tm:liquidation",
        "tm:megahorn",
        "tm:protect",
        "tm:psychocut",
        "tm:raindance",
        "tm:razorshell",
        "tm:rest",
        "tm:retaliate",
        "tm:rocksmash",
        "tm:scaryface",
        "tm:screech",
        "tm:sleeptalk",
        "tm:smartstrike",
        "tm:snarl",
        "tm:snowscape",
        "tm:substitute",
        "tm:suckerpunch",
        "tm:surf",
        "tm:swift",
        "tm:swordsdance",
        "tm:takedown",
        "tm:taunt",
        "tm:terablast",
        "tm:thief",
        "tm:throatchop",
        "tm:upperhand",
        "tm:vacuumwave",
        "tm:waterfall",
        "tm:waterpledge",
        "tm:waterpulse",
        "tm:whirlpool",
        "tm:xscissor",
        "tutor:aerialace",
        "tutor:aquatail",
        "tutor:bulldoze",
        "tutor:darkpulse",
        "tutor:drillrun",
        "tutor:falseswipe",
        "tutor:flipturn",
        "tutor:focusenergy",
        "tutor:furycutter",
        "tutor:gigaimpact",
        "tutor:helpinghand",
        "tutor:hydrocannon",
        "tutor:hyperbeam",
        "tutor:icebeam",
        "tutor:icywind",
        "tutor:irontail",
        "tutor:knockoff",
        "tutor:lashout",
        "tutor:liquidation",
        "tutor:megahorn",
        "tutor:psychocut",
        "tutor:rest",
        "tutor:rocksmash",
        "tutor:sleeptalk",
        "tutor:snarl",
        "tutor:suckerpunch",
        "tutor:swift",
        "tutor:throatchop",
        "tutor:vacuumwave",
        "tutor:waterpledge",
        "tutor:waterpulse",
        "tutor:xscissor"
      ],
      "preEvolution": "dewott",
      "evolutions": [],
      "battleOnly": false
    }
  ]
}